file_name,md5_digest,rotation
20200521_7AB,0a6ea63fec679a042d44d0ecb2c35dfc,90c
20200528_12AB,98f6cd93546d76ed7488cbdd58b9f297,90c
20200806_1AB,1e80ad881329e49a709daae393b0aa94,90c
20200818_2AB,89c3511adb8b1103c569cfac2b4473ad,90c
20200730_4AB,7546c9d6e7e0f6941459ac19355c81a6,90c
20200806_6AB,4bf70d944a63ad15a99ef06ee03cd851,90c
20200806_8AB,d6f5090c34e6e38d0ba2fc92d84209c2,90c
20200818_7AB,3688d3bde9cf24e92f263a4d97fcee50,90c
20200806_2AB,b7853458622e60151904e2e5500ce87c,90c
20200806_10AB,0a8bd757042e2bdff5ecef1e979c9951,90c
20200818_1AB,57b58c95a8e138e8e8df17ccbc11f6ee,90c
20200818_4AB,d57d102b06b4ebc5b978c0bf559e1135,90c
20200528_9AB,895a6a60b73a5ff4ab0644d6d5a91329,90c
20200528_11AB,6439f8fafeb5d4b909a8700e29830df1,90c
20200611_19AB,50de7cf07364f95f33e8156060a94bf7,90c
20200730_3AB,25c37dc9efd958aa0261ee8d2335f75c,90c
20200806_4AB,b3d908ed6c71ac370857427f2bad7698,90c
20200818_16AB,9cd6124753e81673418bc1e8a2033727,90c
20200818_20A,e140ffb038bcb621d6dc413da77ecc05,90c
20200818_22A,8c1febaa74ce239a8be5dff0b1e4734b,90c
20200818_9AB,135b1bef21dca1d75be5cc7c10749507,90c
20200818_14AB,c73ef584e99b168cb24ed81155df124e,90c
20200818_5AB,812209b0321e07f8c77865851a96811d,90c
20200818_6AB,ea2bba0a0136fec9913f3033df28b65f,90c
20200818_8AB,2e64769aa3dfc351126932a263b7acc4,90c
20200818_11AB,ca550b2b45d31e457398ce71ce7b0ca1,90c
20200818_19AB,ad38c0968654fb984e4eb2dbf538a52c,90c
20200818_21A,e14025f1a5eb4de5d845518b70198836,180
20200818_10AB,610e1c64f17d611aaa4ed302adeea5ff,90c
20200818_12AB,696eff9bebd38310258a23b84579d85d,90c
20200818_13AB,d2e01d77490d4ace4c440012a2bab247,90c
20200818_3AB,933eb7cce91756fcab5ff10056800637,90c
20200818_20B,4ef0211514c1b8c991bdce20bfc5c298,90c
20200818_21B,3bc638725c3cfbbe403b64f855088e9e,none
20200818_22B,4bd6a7b3d709d5617ea705c6c8caa643,90c
20200818_17AB,9b36cde8b71cf68bc0c204d9eb2ce10d,90c
20200818_18A,e3766459b73e6574d54c5a2ba702cd85,90c
20200818_18B,d9712177a6846cbbc84a39ea2128fc7c,90c
20200811_5AB,210bab29bef508f233a82a2fbfdc2384,90c
20200811_2AB,46805b9ba893dd50cdb186c8152ac770,90c
20200811_1AB,f1b0456a10aa8fe7c77e92b74be62a7e,90c
20200811_8AB,6d595b2eb7be3554aa0d9b373e1e5e5a,90c
20200811_3AB,3a6d8cb334bafb2f4862a4e4522283a4,90c
20200811_20AB,3c38d3a0a690553b8e3e54ba837224d2,90c
20200811_4AB,559d436d7668016c619eeddf361c1c1e,90c
20200811_19AB,5aaf36e72c1b872bcf199dd14bbbd091,90c
20200811_21AB,adf1f981c765fe1f9c257b444c825973,90c
20200811_7AB,a7f74636f9ff0da77fd21d1de9e56004,90c
20200811_23AB,0ac82973f08888b0e40513bb23207d94,90c
20200811_22AB,ee91ea3c65cb6639c3cf4820a71f23fc,90c
20200811_24AB,404e57367331b30c95a6a63148739403,90c
20200811_11AB,cc005e301ab116ba399b1edf1a6d307a,90c
20200811_18AB,9da06304cf0207d1ebb4800adfde4d5c,90c
20200811_6AB,d6a1b6123ba0bc56e987c36cd11a8984,90c
20200811_10AB,66016d759de27752f91b4e0eb8624031,90c
20200806_5AB,12b2ff955e22c46b92513f8619d400f3,90c
20200806_7AB,1c0013702536a2965e9b2cf6d8bb8ce1,90c
20200806_11AB,f2eb06f20249cdf4da19b5ade1459232,90c
20200806_9AB,775217465f9e47d8aafd46cc0bab099a,90c
20200806_3AB,c15b41fbd251f5c21f9e2b40a03ee047,none
20200730_5AB,6c33de7b31495c8dfe017d2b16fe3d45,90c
20200730_6AB,a6cedb488b7c44d1271bd250b91ea440,90c
20200730_9AB,ba5e46d9013d0c25652c1b5ac784273b,90c
20200730_1AB,0c4ed7c72f182a0307f7876609399b6c,90c
20200730_7AB,73a1afb6c4ed3e24e647b9120a31f699,90c
20200730_8AB,37b3a83f5a8b7cb177a75398ac90b1e0,90c
20200730_10AB,d1de9ef908f218e8c467a5fced79cd9d,90c
20200730_2AB,5416baee2b44764acf44f6f2534f48a2,90c
20200723_18AB,38b2716b1a76a72675e0020c2bd1e18d,90c
20200723_5AB,f7ad2551659b03ea96b2e8b155662f00,90c
20200723_7AB,1e15906b309e7addbcd2aea54cfba091,90c
20200723_15AB,519a284111ba0fcb8c8e9e03b8b08784,90c
20200723_4AB,bc2455c9d108d5c4cec32268ac1709aa,90c
20200723_13AB,d8936bac2418b02e0d70133b5d4db82e,90c
20200723_19AB,b176cdb4ca27cfa5d6eb66d9a60d3281,90c
20200723_9AB,f73b92402adbefc96ad1c665eefba519,90c
20200723_21AB,1369fa8ae6b8b94a777e66ccc1d1d085,90c
20200723_22AB,063ae5fe9f0ff7335867ca51f3c9cb35,90c
20200723_2AB,2717bb8e7b98d57be1c840f776bf87f4,90c
20200723_20AB,8e60d3744da00286dcf22f94cac461f7,90c
20200723_11AB,cb71625fedebb4d9dedb23d8dc649ec3,90c
20200723_17AB,d9a1139966c4408fe2bdb6ba7b0c94a9,90c
20200723_10AB,162397889752feb84c6a04a255102258,90c
20200723_16AB,5dab180fc8e9e19822040d1e5c3f46c9,90c
20200723_1AB,0dbd50b03fdb52f38a58e6988d80dce9,90c
20200723_12AB,0e3d4af92e7804b3128a66dd404b9161,90c
20200723_6AB,f0a244c065762ce6c05aa12af525cbc5,90c
20200723_8AB,953da72b23641c93fa1097efd293c3a6,90c
20200723_3AB,16911e4fc7d5d8b6c22d94eb73919045,90c
20200721_2AB,a24234f1066432a018fbf0c8c9cdc554,90c
20200721_5AB,2379d4d56327a589586db62d9a623ee6,90c
20200721_6AB,7f8a1c879713bb19d0165950878a838a,90c
20200721_1AB,41a88246b3b3d134a3ce7a6fada1a7ca,90c
20200721_3AB,2e499cb897f8dd5151a94b7f9515021e,90c
20200721_4AB,cd356d6b1af2eca293aa723ccffdd048,90c
20200721_7AB,2e9b37cf29da1906a42799d3065f95de,90c
20200721_8AB,8dd83c9f2f3a41d26cf68db80540499a,90c
20200721_9AB,37a1b15f17aa2c1e27ddaeea2172ca08,90c
20200714_3AB,a88811415e6f54443222beb0e5fea9d0,90c
20200714_2AB,d76ef85711a292bf1ea6612ff73990dd,90c
20200714_5AB,3d14cf8af19d2490996ce82e275e5112,90c
20200714_8AB,4edfd2ea5365732b2b730aadac8742f9,90c
20200714_11AB,a1f5b55f4fb23a6a1eb6a934090af592,90c
20200714_4AB,3d93e159b6cf7f6bd8f40f707bc515fd,90c
20200714_6AB,130f18c712e174d4c7d7dae0420e78ca,90c
20200714_10AB,2cb2b41324030c696e29b938152391fc,90c
20200714_9AB,9ad40f69f248487bddeb1d8776ad81d5,90cc
20200714_1AB,2ba4d26586190e6c6107c0c7a3076b7e,90c
20200714_7AB,5aa13ebea559ea0b205226a6d40ef5a4,90c
20200714_12AB,10366eb20aaafa75aab4c51a892551f7,90c
20200709_19AB,70eca965e3e9b518f08f7782d8bf8a6d,90c
20200709_22AB,7d91a6a562dd4ab0a27ac434e3363389,90c
20200709_4A,28f608012cbf1a2a9aa78169fb8817f1,90c
20200709_11AB,99680ae19e605f6274657bfe8149e070,90c
20200709_14AB,014bf6fe4dfc141bb5d1f3012496b6c1,90c
20200709_17AB,e110fd53e7efa71e6974349425598e31,90c
20200709_18AB,7a3bd9337961ef8caad2ef0a067cba75,90cc
20200709_20AB,e351eca292750f23bbb4edc72f128658,90c
20200709_4AB,af9aa639438c7f1eb05efe87e1955806,90c
20200709_10AB,041cb91e5569bce187ec00b09910971c,90c
20200709_12AB,f170ca06a8b0bea288b7234f7ea89b0c,90c
20200709_13AB,404109cec2a0f8d472492a87823b9f27,90c
20200709_15AB,829f67b12f82c5068c91971f5c045c9a,90c
20200709_16AB,901c1b6fd12d9eaca5d5f3d03606a9b4,90c
20200709_1AB,8107a3739859e3b2408818318a8f511f,90c
20200709_5AB,8806edf4c2587b1c78ab92d86e3968dc,90c
20200709_6AB,7e0dd59f9d4b6c0f8462b17176f39fb8,90c
20200709_8AB,973250fb98fb5009d2f95c3c0b1606b4,90c
20200709_21AB,e023991f1d3a867fca148b0c2142f7df,90c
20200709_2AB,9841fccbede5996219b24062044c41ab,90c
20200709_3AB,f5d5d5f10bd6e139d8c1707ea3563eca,90c
20200709_7AB,256b6e0ad8eb961ed72abb0a8b038dd8,90c
20200709_9AB,b4e56f4a5096f4119695b96652904ea4,90c
20200707_4AB,29ef8753614f9b9bf6d3b0152e28cb39,90c
20200707_5AB,98d393761b02c104ea641c309a933a4a,90c
20200707_9AB,e8629ac340193bd63f7d373d0b280804,90c
20200707_2AB,49c6b1e4996c3afbacc68e66244fd026,90c
20200707_8A,2eb7f73495dd719fed005f336b1f64cc,90cc
20200707_6AB,8e54f80a1d2fa3178669689c6834c798,90c
20200707_8AB,f6f7a29858c3e2bca28e07559b8c1b21,90cc
20200707_1AB,0d92a0e7e524b40523afbbe0db7c39b3,90cc
20200707_3AB,6e9c4c2b0f7f12a989d70d4b39da8595,90c
20200707_10AB,c19b77a9197c23c8097b906d9dc3afde,90c
20200707_14AB,ed567f18c8039bf3632350f419f22ef3,90c
20200707_7AB,f9a398f27b668b5b4174435bf1cfc8f9,90c
20200707_11AB,b349f8353b7fa640c29907bacd94c1e4,90c
20200707_12AB,a81dedfadde4862610f4e81653b4b2ac,90cc
20200707_13AB,1e6a11ee2abcf82c0f7c2fad057e17c8,90c
20200702_10AB,e552c12c3daa76650e3acc6a42a23fd2,90c
20200702_23AB,0218ec914459dde550b16882ff05f156,90c
20200702_15AB,2388676883a66e15a08800d1e455b704,90c
20200702_16AB,ac6b690ce40a5951b9c9deb9412d8429,90c
20200702_18AB,be622bb3379de93060ad25f99e104569,90c
20200702_19AB,78fe79268af65cccc2ea2219e4970d58,90c
20200702_8AB,7acb444ec274d1b3c01aef7c1bca03ab,90c
20200702_9AB,7670b130e2bb5f0f1844bb5d332981b5,90c
20200702_12AB,6df257531b16f6a5b6e157df901411e7,90c
20200702_14AB,3f578f3a28b11ad4d4992251cb6a732f,90c
20200702_20AB,5e52ae33c837e9e74122b43dd8152874,90c
20200702_11AB,9566f5415dfde50c4b01391a1f293bae,90c
20200702_13AB,b7ef4b074dc3b04e15f41a63220a8a8c,90c
20200702_21AB,6f740fccbbe5ff16e011e793ab7b0d10,90c
20200702_24AB,967e39c5ba61063ff65c1793f3f22366,90c
20200702_17AB,f9f823e09a426f4b705ee44c95e4c2d6,90c
20200702_22AB,6fbc0d2199207d70daf1725b040b09b2,90c
20200908_7A,423f020e91ea6950aee723bf208b9b9e,90c
20200908_8A,1a053eb54ea3e86539c61eccc3aee54e,90c
20200908_8D,7b20a611c94762abed56a54d98206ab9,90c
20200908_21A,e50afe238ab9e72147645500373c744c,90c
20200908_4A,a27559adaec00ae246e9b569f115cef8,90c
20200908_11B,31996a52a687a7cd827e909f4d2b0d9c,90c
20200908_19B,434386066acd9eca4062dbf5cf204687,90c
20200908_14D,c6e6d9c20360fd23cf0fe10c8da07671,90c
20200908_20B,f99eed87ec65f79e475e984dd3c0f91e,90c
20200908_15B,aaf3c16562e878e5b3980a366b25d1e0,90c
20200908_9B,351622405e137ca8748d87220fa9c368,90c
20200908_3BD,6e85d18eeffbdb091bf8f856828b0297,90c
20200908_21B,2b4700992231f09d4e14ba29569fe631,90c
20200908_11D,d2c2f8eec80c61b6122ef3ff364e8070,90c
20200908_22B,6996c6fff20fa60acc7e38842e06b23f,90c
20200908_22D,f763cb89f5a21dfaf009b6842f8568db,90c
20200908_5B,83b08f0ec6986cd452d6d08647a590ad,90c
20200908_10A,a126bec588d900c597266e51dce0384b,90c
20200908_21D,bc44d5c2b26a651d1f5ea0e747d5052b,90c
20200908_5D,3dac1287e9d0144ab5d035869538d047,90c
20200908_12D,b28972eac24ccf52ac49337c843b6043,90c
20200908_16A,ddf3506202d422985f64af50936f3810,90c
20200908_16D,f234ee2de6468f6459677177284719a0,90c
20200908_6A,0af33b34603875b1e9152490fad883ba,90c
20200908_17A,500255f81f029d8aab09adac607e7313,90c
20200908_6B,540d08b116636df0f74ec8a7ad99bec5,90c
20200908_17B,7c2afe18fcfc7f3f2423069bc483ef4c,90c
20200908_13D,5908f5199592fb8370052b0b1b36ba43,90c
20200908_18A,6a347c9ab3997afba1e10fc3d105f362,90c
20200908_18B,0a6812dffc350b59b28f15f5a4d45ed9,90c
20200908_18D,177df71f673334e2d35f7de1348b5c38,90c
20200908_19A,77e7d6ebe810d9a5edcb23a70f4e4863,90c
20200908_14A,779249aa5daf642b7cdb1f0d24ae168e,90c
20200908_19D,79e58aaf61c2e057103644e074ed7164,90c
20200908_14B,c90262bcc643e8feba12fc67aa494480,90c
20200908_20A,922a3dcf1cca6613e2597053bd0b6ccd,90c
20200908_9A,5394135ad6d4d88b53372e0a8ebffd82,90c
20200908_4BD,2684d44071e65519c53811a773cf05a0,90c
20200908_22A,3020713b0ab4884f681c72abfce8cda7,90c
20200908_6D,f6a06795be7177f1653c393278815baf,90c
20200908_13A,656dbf11d69c9dea86b1d619f934a2dc,90c
20200908_17D,0c4052e05f06a8e74ad72ddf0a605169,90c
20200908_1A,566ec1a8de3ad32b05cc40bd39a22cce,90c
20200908_15A,61ab03d16fe036c03c5954c284bdd7a8,90c
20200908_15D,a4bc87fdeefcaa41c1b816534a1343e9,90c
20200908_9D,d9e5a41da0fb526d0ec5cce0fe423941,90c
20200908_3A,540120b3b360f94ad6b32ba3f5ff252c,90c
20200908_10B,a796d88ecd8f65d21cc1e65484138dc3,90c
20200908_10D,859c5af6eb3dae46a8f5b0dff1dc9144,90c
20200908_12B,eda1703f621b1ae4a47f561065cc2ddc,90c
20200908_13B,27c59a22d1aeafaafde16c0119568fcf,90c
20200908_7BD,193c4e2b51c7e22b4799ad4395d00f2c,90c
20200908_1BD,5c622c2f2999b8ad75ebabb056d6f6da,90c
20200908_20D,16ebf7bd38a2622a7f09c6f69e7a91ec,90c
20200908_8B,bac0264f7119a75e134e67d121bc7d46,90c
20200908_2A,54a59ee378f01c2c7d10990236547f22,90c
20200908_12A,ae09e09c8446768bf4da367b32cdbdb0,90c
20200908_5A,5b2aa2e13644decf88ab362dcee70294,90c
20200908_16B,bbc93c19d9fb1bcfab0f4c9ad5ff5eff,90c
20200908_11A,14b901bc262da7e669ac0ecc26edc079,90c
20200908_2BD,7ca9e4f162c49aa93b93dcac3144f09f,90c
20200825_16AB,0270bed3ded6cc962c73ea90b9a83431,90c
20200825_6AB,ec48b0d5b2ec1f01e19d03ec0580da11,90c
20200825_12AB,c2b24d07d8edb51af7b06f89e77e3d23,90c
20200825_3AB,3643357fea3cd9ab03c389b35a2b0bbf,90c
20200825_7AB,98ca1f5fd37dca7b1f21d095f40fd063,90c
20200825_13AB,c22c69f1be4675ef72bf6523046ba074,90c
20200825_9AB,0f9e8aee01c11e4465005d9478978928,90c
20200825_1AB,9063f2c1d8ea7dddc27fbe6e5c592b3c,90c
20200825_18AB,96577552306d97bd2fe0e0ea2edb1b00,90c
20200825_2AB,65848bc6f48f4037416d912206c20de4,90c
20200825_4AB,f3480c39405821dbbad76c692c2b931f,90c
20200825_8AB,9ce218f55a26ac24e87c3cf0614625b5,90c
20200825_10AB,7a787e7bfd8627d2a4ecca545b33fd17,90c
20200825_17AB,15aed1ec10dbe940744874670bad3b9b,90c
20200825_5AB,048bf295b946fe905c2a4f3d78938336,90c
20200825_14AB,e37221c0aeac495893d45fc7d4fbe923,90c
20200825_15AB,bd75a5053fe3f9af75be09ab558703ac,90c
20200825_11AB,9d7f8797f9d8fca60ed54336ba4f0a5e,90c
20200618_5AB,55fa627b092b0e4bc76e33743af55c7f,90cc
20200618_6AB,cd46b8bebf3b30abf2d6a9c8cbdcd1f0,90c
20200618_7AB,01be35d43ffa2f09a7ec2e7bac379942,90c
20200618_11AB,bddd6e82ac1035cdfbb727ff17c91702,90c
20200618_16AB,44d61eefb66fee4b33bf41f5f85dff19,90c
20200618_15AB,4c1852c011a334e93845423232feb054,90c
20200618_12AB,0f1b88bb006e1e54093301e2878f54c4,90c
20200618_13AB,93654e25c85d21249029989aa18ccbb0,90c
20200618_4AB,f1c6b3a9a318e0c8967d5f1e4a529f18,90c
20200618_9AB,4b56753926028ef5fce0f266f0415965,90c
20200618_10AB,45a829def3cc3c3551d94504f372aae7,90c
20200618_19AB,87c51096efb15776594135e5e1b89155,90c
20200618_18AB,cee7e409b1b5e1ff9c33627c7b2b0363,90c
20200618_20AB,e80d2e8460b977f19f18d4e08d15372f,90c
20200618_21AB,6e5ddb91c4d4318d2d133c27a297db42,90c
20200618_22AB,b669034757c041a73c89809bf7a4f86c,90c
20200618_23AB,69c4cd8a75065964eed1a5d4b85f6d45,90c
20200618_8AB,6b49bb48425b4b6fac6aaebe5f9b5717,90c
20200618_14AB,a27a5612f2100bb7148dfe79736fa3ad,90c
20200618_17AB,e013da60cb217e02cfe46e04935b14a4,90c
20200611_3AB,697822ba4445d1919808fc8374af833e,90c
20200611_6AB,187bb7560604a7663e4ca2d10d434b4e,90c
20200611_8AB,964335c51d2f9b1751aeaab83adfbd12,90c
20200611_15AB,fbaf766f4e4cfad0c10501b82cca8ed9,90c
20200611_5AB,a2f02fdeaf7db932b3a880c1d7f68577,90c
20200611_14AB,c823cf6e7663a630601b0ef54260eed2,90c
20200611_16AB,8384e6947e07f1e25655c35f603e776c,90c
20200611_21AB,c554407839653d3e01fbf97078779ac1,90c
20200611_2AB,949ff7617467fc03efb8e3ae41da1cb9,90c
20200611_4AB,ecb7e3e365859e28512b9a04b9664442,90c
20200611_9AB,6193ba19242f3c2f881125d8d585dcae,90c
20200611_18AB,1987c8fc3603c0e18e08cb3dfbe0b491,90c
20200611_7AB,cf0f2f59ae8373eaf73efa69314ac43e,90c
20200611_15B,7646c1088c8cb1b7a1ee6a6c38da2f93,90c
20200611_17AB,0ff6dacbfd123ac518e4853ec1b75f85,90c
20200611_20AB,999c5013235fe025451d8ab5976b7e43,90c
20200611_22AB,5ac60387c4855bbda4597ae62768dca3,90c
20200528_1AB,f6b6afe09e8bf8da6d284f677ad5f6cc,90c
20200528_2AB,b65ddfb4c2c333b1fffeaa16a2ee4dfc,90c
20200528_7AB,833592c305b7cc517c957d03f95cc255,90c
20200528_4AB,6359ce27cdddaf4bb6f7235050dddaac,90c
20200521_14B,bc8e0fe13103ad3e7c1d25466de9653e,90c
20200521_1AB,15cb8c5f346e9976af1cf00d8dbfd4e7,90c
20200521_8AB,07381213e9c37a5f30e7daa29ab81f6a,90c
20200521_5AB,de45a17fdbcf374385fcfa95e0bf7661,90c
20200521_15AB,dac5305c2a87af58bdb086c1d327fd4f,90c
20200521_16AB,9f43df27533b3284c9e7bc331e796ed9,90c
20200521_11AB,a614de5302c4504e0ae35ebf188920dd,90c
20200521_9AB,93e4bf8f5d2a39b39298ff085eb8239c,90c
20200521_10AB,7b4cda4272acdd853217eafb2bebfd39,90c
20200521_4AB,e2111cece55559a6f44f09c28dfe94f8,90c
20200521_17AB,11060c08526ee700009c26e0e8da6c2b,90c
20200521_2AB,2fd47e45d8c0b89ed516ffa65e15bd3f,90c
20200521_3AB,0c1ed740ac247bf1e3eda9ba3112ced1,90c
20200521_14AB,1a09eecb39143390e60399a453d96c91,90c
20200514_4AB,a0a5610779d53853b191c568e57d055c,none
20200514_5AB,ed47a01a8f5462680ec13206e763e656,none
20200514_13AB,42333745b3a6d6946c41ff545c422b29,none
20200514_8AB,ae6c0794ed927b0875e0a3cdbe8b1977,none
20200514_9AB,0bc4eabd396dcb57c3968133ed9e0eea,none
20200514_14AB,5e83925dfda2ca2358f294512af6d0be,none
20200514_2AB,6520ae67f195b2053cbc07f8f4722bc9,none
20200514_7AB,930e9f86dfa3be2c98fcf5424a9a7fcb,none
20200514_10AB,0258f1d93b9ef66d220cdd0ba0b666c9,none
20200514_11AB,fddfd22414e8db067ee972e2319d760c,none
20200514_1AB,895a7771e3ce8133ffa8aa11812a2d56,none
20200514_3AB,eaa8d5681908220676f134d749b46374,none
20200514_6AB,3294a7b7f7e5a4f50547167d905f1a81,none
20200429_2B,40c89966519333448fd71993d56dfb0e,none
20200429_1A,11d00b4b1f4960e5cfa5e57f99cac2be,none
20200429_1B,e040d64fb661763aade675b68b83805d,none
20200429_2A,686991e62cb6c69b04843890e6ab85e9,none
20200915_6A,9901dce4069bdc2d0802b686f26e7052,90c
20200915_2A,c28bfa0e670b01cb67c4199f3a7da95d,90c
20200915_2B,830682687e4d747c5cb1cbf65a367ae1,90c
20200915_7B,2af127a413db226dbca14001c089087c,90c
20200915_8D,dc66bdcdbea8d081b6b30b7836729951,90c
20200915_9A,657c7f94c8cf7d56a9cfa24e6e4406fa,90c
20200915_9D,227fe99f9024658d6269fb31859cde5d,90c
20200915_4A,aa6a7a1570e9af5f5229c22871e0ec16,90c
20200915_5A,5f5e1a063d462833fe0d8f8e6b8d436b,90c
20200915_5D,b6600fbe0546fbc7b5bd6086b9b69b65,90c
20200915_17A,db55a39318b753c128d258a140cb7921,90c
20200915_7D,f78c68d6e7a8cf5ac92f2ea37191edc9,90c
20200915_14D,b073503e87d74333eb1a49011ecf8044,90c
20200915_3B,588360592cf7d754270d0df141f4c8fe,90c
20200915_13B,fd7df547366ad549e231c4275901d9bb,90c
20200915_17D,8c6c9ddd21f498258e0ca468bb6b049d,90c
20200915_15D,e451ba7fa6bff87ac9610b72bb47d152,90c
20200915_9B,4060c0c919e4de479f63952e1f2e50ca,90c
20200915_10A,cb4e081e76f7c21b6e9d30c9a99271b6,90c
20200915_16B,e91d1167a79e93e395bd7cc20b12be82,90c
20200915_12B,393de96640fa65d92300075f23a748fc,90c
20200915_15A,31d5850f9cfa30d7728426d7bf324d27,90c
20200915_13A,c2f005277ae1025cc06d26d909e7869b,90c
20200915_2D,de5493bc60e2ad5c1636d24d3271e8b6,90c
20200915_14A,0aa87b84a34df940f6b8a62d2a06a520,90c
20200915_10B,bf3210722933e61b0391482448dcd0f9,90c
20200915_10D,d6658635cc663a6575069c8c433b1212,90c
20200915_3A,204f22994382d6313e0fd85eb60109a7,90c
20200915_3D,bbc67e555272ac4859e6a55b15d0a747,90c
20200915_4B,acdf5618d2c5ca0e196eb40b77ad119e,90c
20200915_4D,b45f17388006eafc4ebdd52d857695d1,90c
20200915_16A,cd0802d66127c34ce97a7ac56b106fdc,90c
20200915_11D,b01b3fe19c51a536d60b1f88af8a81f0,90c
20200915_17B,aac7df28cb0752e2f26e98932d353b60,90c
20200915_15B,b66cf9a963a1c455176a47fc1affdecb,90c
20200915_11B,0c8ad12122ec89ec5649a17ca5c53ac5,90c
20200915_5B,2da55a5872fcfe41c2406166514c8d87,90c
20200915_12A,69804298969ae23cbd714f101cc44f7a,90c
20200915_8A,c4b95d08b193633bead009e075b8ed87,90c
20200915_8B,468fed9381c798bd84d4b0798f408c09,90c
20200915_11A,53e4b324d027b9110c338dd3812d90aa,90c
20200915_16D,70931e7e8d0a645c20dfffd85639cd51,90c
20200915_12D,69d9bb4b515b35c193e9d8903ade904f,90c
20200915_6B,a0571c32f53b56a60dca4513072b4180,90c
20200915_6D,5800dc704d78039095ce68e36a7e4817,90c
20200915_7A,edb9f6c2667e081e74b117b56f12e4a9,90c
20200915_13D,f0e6df665979dba1aa1e3ba890dcc72b,90c
