index,detector,total_face_num,center_face_num,target_left,target_top,target_right,target_bottom,time_stamp,ear_left,ear_right
1,h,1,1,1024,439,1334,749,0.03333333333333333,0.24182416136523102,0.24966624623552713
2,h,1,1,1024,439,1334,749,0.06666666666666667,0.2541120290230437,0.2374678405327594
3,h,1,1,1024,439,1334,749,0.1,0.2541120290230437,0.2374678405327594
4,h,1,1,1024,439,1334,749,0.13333333333333333,0.2541120290230437,0.2374678405327594
5,h,1,1,1024,439,1334,749,0.16666666666666666,0.2541120290230437,0.2374678405327594
280,h,1,1,1282,1129,1406,1254,9.333333333333334,0.22633936510629632,0.23651474905243652
281,h,1,1,1282,1129,1406,1254,9.366666666666667,0.22633936510629632,0.23651474905243652
282,h,1,1,1282,1129,1406,1254,9.4,0.22633936510629632,0.24968808471946113
283,h,1,1,1295,1129,1420,1254,9.433333333333334,0.2942411746381852,0.2753537218400135
284,h,1,1,1295,1129,1420,1254,9.466666666666667,0.2719219758869585,0.2753537218400135
285,h,1,1,1295,1129,1420,1254,9.5,0.2719219758869585,0.2753537218400135
286,h,1,1,1295,1129,1420,1254,9.533333333333333,0.2719219758869585,0.2753537218400135
287,h,1,1,1295,1129,1420,1254,9.566666666666666,0.2719219758869585,0.2753537218400135
291,h,1,1,1295,1116,1420,1240,9.7,0.27059854062917865,0.2753537218400135
292,h,1,1,1295,1129,1420,1254,9.733333333333333,0.2515059928821246,0.24625264135958935
293,h,1,1,1295,1129,1420,1254,9.766666666666667,0.2515059928821246,0.24625264135958935
294,h,1,1,1295,1129,1420,1254,9.8,0.2508547030718512,0.26224651418225464
297,h,1,1,1282,1129,1406,1254,9.9,0.23102911406099877,0.23067511607087557
298,h,1,1,1282,1129,1406,1254,9.933333333333334,0.23980823009322946,0.26055691941854225
302,h,1,1,1268,1116,1392,1240,10.066666666666666,0.20833333333333334,0.18439088914585774
303,h,1,1,1268,1116,1392,1240,10.1,0.20833333333333334,0.18439088914585774
304,h,1,1,1268,1116,1392,1240,10.133333333333333,0.20833333333333334,0.18439088914585774
305,h,1,1,1268,1116,1392,1240,10.166666666666666,0.20833333333333334,0.18439088914585774
306,h,1,1,1282,1116,1406,1240,10.2,0.2644679360999226,0.2403700850309326
307,h,1,1,1273,1074,1422,1223,10.233333333333333,0.22,0.20966948038964908
308,h,1,1,1273,1074,1422,1223,10.266666666666667,0.22,0.20966948038964908
309,h,1,1,1273,1074,1422,1223,10.3,0.24165525060596438,0.25
310,h,1,1,1273,1057,1422,1206,10.333333333333334,0.23980823009322946,0.22910791816012732
311,h,1,1,1273,1057,1422,1206,10.366666666666667,0.23980823009322946,0.22910791816012732
312,h,1,1,1273,1057,1422,1206,10.4,0.26286639777507453,0.21081851067789195
313,h,1,1,1273,1057,1422,1206,10.433333333333334,0.26286639777507453,0.21081851067789195
314,h,1,1,1273,1057,1422,1206,10.466666666666667,0.26286639777507453,0.21081851067789195
315,h,1,1,1273,1057,1422,1206,10.5,0.26286639777507453,0.21081851067789195
316,h,1,1,1256,1057,1405,1206,10.533333333333333,0.279776268442101,0.2732094324293774
317,h,1,1,1229,1010,1408,1189,10.566666666666666,0.24205681133084214,0.23980823009322946
318,h,1,1,1229,1010,1408,1189,10.6,0.23214285714285715,0.2231435084485957
319,h,1,1,1229,1010,1408,1189,10.633333333333333,0.23214285714285715,0.2231435084485957
320,h,1,1,1223,1024,1372,1173,10.666666666666666,0.2777777777777778,0.30746497680963514
321,h,1,1,1209,990,1388,1169,10.7,0.27893069904256573,0.2811964889571059
322,h,1,1,1189,970,1368,1149,10.733333333333333,0.3169933867858512,0.2966365132620476
323,h,1,1,1189,970,1368,1149,10.766666666666667,0.3169933867858512,0.2966365132620476
324,h,1,1,1189,970,1368,1149,10.8,0.3169933867858512,0.2966365132620476
325,h,1,1,1189,970,1368,1149,10.833333333333334,0.3169933867858512,0.2966365132620476
326,h,1,1,1189,970,1368,1149,10.866666666666667,0.3169933867858512,0.2966365132620476
327,h,1,1,1189,950,1368,1129,10.9,0.32142857142857145,0.2933615427024223
328,h,1,1,1189,910,1368,1090,10.933333333333334,0.31016048255800993,0.2935651535998499
329,h,1,1,1189,910,1368,1090,10.966666666666667,0.31016048255800993,0.2827057947260392
330,h,1,1,1189,910,1368,1090,11.0,0.31016048255800993,0.2827057947260392
331,h,1,1,1189,891,1368,1070,11.033333333333333,0.29310344827586204,0.2748071948233682
332,h,1,1,1189,891,1368,1070,11.066666666666666,0.29310344827586204,0.2748071948233682
333,h,1,1,1189,891,1368,1070,11.1,0.29310344827586204,0.2748071948233682
334,h,1,1,1189,891,1368,1070,11.133333333333333,0.29310344827586204,0.2748071948233682
335,h,1,1,1189,891,1368,1070,11.166666666666666,0.2929293446381205,0.2669423065680733
569,h,1,1,1116,1102,1240,1226,18.966666666666665,0.3553587813481308,0.5630925063714729
570,h,1,1,1116,1102,1240,1226,19.0,0.3553587813481308,0.5630925063714729
571,h,1,1,1129,1102,1254,1226,19.033333333333335,0.2764517688263447,0.4118932599592784
572,h,1,1,1129,1102,1254,1226,19.066666666666666,0.2764517688263447,0.4118932599592784
573,h,1,1,1129,1102,1254,1226,19.1,0.2764517688263447,0.4118932599592784
574,h,1,1,1129,1102,1254,1226,19.133333333333333,0.2764517688263447,0.4118932599592784
575,h,1,1,1123,1090,1273,1240,19.166666666666668,0.3241202224214485,0.4388645472387473
579,h,1,1,1143,1102,1268,1226,19.3,0.22727272727272727,0.2657636714103364
580,h,1,1,1143,1102,1268,1226,19.333333333333332,0.22727272727272727,0.2657636714103364
581,h,1,1,1143,1102,1268,1226,19.366666666666667,0.22727272727272727,0.2657636714103364
582,h,1,1,1143,1102,1268,1226,19.4,0.22727272727272727,0.2657636714103364
583,h,1,1,1143,1102,1268,1226,19.433333333333334,0.2857142857142857,0.2631578947368421
584,h,2,1,1157,1102,1282,1226,19.466666666666665,0.25,0.23936971912903793
585,h,2,1,1157,1102,1282,1226,19.5,0.25,0.23936971912903793
586,h,1,1,1171,1102,1295,1226,19.533333333333335,0.24045284556173296,0.24018068605679
587,h,1,1,1171,1102,1295,1226,19.566666666666666,0.2639632607645147,0.23936971912903793
588,h,1,1,1185,1102,1309,1226,19.6,0.2873592025525141,0.25308774485712743
589,h,1,1,1185,1102,1309,1226,19.633333333333333,0.2873592025525141,0.25308774485712743
590,h,2,1,1199,1102,1323,1226,19.666666666666668,0.2762040184244509,0.2634736922190852
591,h,1,1,1190,1090,1339,1240,19.7,0.25199025730135033,0.2743249919681754
592,h,1,1,1206,1090,1356,1240,19.733333333333334,0.2724459655118999,0.25257296658248257
593,h,1,1,1206,1090,1356,1240,19.766666666666666,0.2724459655118999,0.25257296658248257
594,h,1,1,1226,1088,1351,1212,19.8,0.2634736922190852,0.2497803739249954
595,h,2,1,1223,1074,1372,1223,19.833333333333332,0.24974213505257492,0.23214911386371542
596,h,2,1,1223,1074,1372,1223,19.866666666666667,0.24974213505257492,0.23214911386371542
597,h,2,1,1223,1074,1372,1223,19.9,0.24974213505257492,0.23214911386371542
598,h,2,1,1223,1074,1372,1223,19.933333333333334,0.24974213505257492,0.23214911386371542
599,h,2,1,1240,1074,1389,1223,19.966666666666665,0.22896799591699732,0.23167639573238993
600,h,2,1,1240,1074,1389,1223,20.0,0.22896799591699732,0.23167639573238993
601,h,1,1,1256,1057,1405,1206,20.033333333333335,0.26421832024808,0.2200763644556763
602,h,1,1,1256,1057,1405,1206,20.066666666666666,0.2515059928821246,0.2514912786715739
603,h,1,1,1256,1057,1405,1206,20.1,0.27232126523821526,0.26120266968241673
604,h,1,1,1256,1057,1405,1206,20.133333333333333,0.27232126523821526,0.26120266968241673
605,h,1,1,1256,1057,1405,1206,20.166666666666668,0.27232126523821526,0.26120266968241673
606,h,1,1,1256,1057,1405,1206,20.2,0.27232126523821526,0.26120266968241673
607,h,1,1,1256,1040,1405,1190,20.233333333333334,0.23326329481056882,0.22204264808776666
608,h,1,1,1256,1040,1405,1190,20.266666666666666,0.23326329481056882,0.22204264808776666
609,h,2,1,1256,1040,1405,1190,20.3,0.26286639777507453,0.2622387811268167
610,h,2,1,1229,1010,1408,1189,20.333333333333332,0.2231435084485957,0.21361696541085934
611,h,2,1,1229,1010,1408,1189,20.366666666666667,0.2711630722733202,0.22147813891119808
612,h,2,1,1229,1010,1408,1189,20.4,0.2711630722733202,0.22147813891119808
613,h,2,1,1229,1010,1408,1189,20.433333333333334,0.2711630722733202,0.22147813891119808
614,h,2,1,1229,1010,1408,1189,20.466666666666665,0.2711630722733202,0.22147813891119808
615,h,2,1,1229,1010,1408,1189,20.5,0.2711630722733202,0.22147813891119808
616,h,2,1,1209,990,1388,1169,20.533333333333335,0.22238631757013444,0.23923566684866998
617,h,1,1,1209,950,1388,1129,20.566666666666666,0.27023795643150045,0.2960932840790421
618,h,1,1,1209,930,1388,1110,20.6,0.2676864788430936,0.2498407135868874
619,h,1,1,1209,930,1388,1110,20.633333333333333,0.2676864788430936,0.2498407135868874
620,h,2,1,1209,930,1388,1110,20.666666666666668,0.29513177390406836,0.31016048255800993
621,h,2,1,1209,930,1388,1110,20.7,0.29513177390406836,0.31016048255800993
622,h,2,1,1209,930,1388,1110,20.733333333333334,0.29513177390406836,0.31016048255800993
623,h,2,1,1209,930,1388,1110,20.766666666666666,0.29513177390406836,0.31016048255800993
624,h,2,1,1209,930,1388,1110,20.8,0.2857142857142857,0.3344682815722577
625,h,2,1,1229,910,1408,1090,20.833333333333332,0.2773500981126145,0.28387818801228754
626,h,2,1,1229,910,1408,1090,20.866666666666667,0.2773500981126145,0.28387818801228754
627,h,2,1,1212,878,1427,1093,20.9,0.31732168613526046,0.2897074372210124
628,h,2,1,1229,891,1408,1070,20.933333333333334,0.30709632038637036,0.3119115999471826
629,h,2,1,1249,871,1428,1050,20.966666666666665,0.2882848393627175,0.31393058992345474
630,h,2,1,1249,871,1428,1050,21.0,0.2882848393627175,0.31393058992345474
631,h,2,1,1249,871,1428,1050,21.033333333333335,0.2882848393627175,0.31393058992345474
632,h,2,1,1249,871,1428,1050,21.066666666666666,0.2882848393627175,0.31393058992345474
633,h,2,1,1236,830,1451,1045,21.1,0.25786400754028527,0.25886349545339626
634,h,2,1,1236,830,1451,1045,21.133333333333333,0.25786400754028527,0.25886349545339626
635,h,2,1,1236,806,1451,1021,21.166666666666668,0.26587526243036186,0.2669081966420533
636,h,2,1,1236,806,1451,1021,21.2,0.28667164956152724,0.27987236080611433
637,h,1,1,1212,782,1427,997,21.233333333333334,0.2713178520393314,0.2662197349511145
638,h,1,1,1212,782,1427,997,21.266666666666666,0.2713178520393314,0.2662197349511145
639,h,1,1,1212,782,1427,997,21.3,0.25076923802968637,0.24275807814045441
640,h,2,1,1212,758,1427,973,21.333333333333332,0.27151911118230015,0.28524895269256473
641,h,2,1,1188,758,1403,973,21.366666666666667,0.23676013879409538,0.24990360516317958
642,h,2,1,1188,758,1403,973,21.4,0.23676013879409538,0.24990360516317958
643,h,2,1,1188,758,1403,973,21.433333333333334,0.23676013879409538,0.24990360516317958
644,h,2,1,1188,758,1403,973,21.466666666666665,0.23676013879409538,0.24990360516317958
645,h,2,1,1188,758,1403,973,21.5,0.23676013879409538,0.24990360516317958
646,h,2,1,1188,758,1403,973,21.533333333333335,0.24315445213123463,0.25067254659056853
647,h,1,1,1111,681,1369,939,21.566666666666666,0.20725543586502257,0.2222222222222222
648,h,1,1,1117,663,1332,878,21.6,0.26914230832178343,0.2709442651502823
649,h,1,1,1117,663,1332,878,21.633333333333333,0.26914230832178343,0.2709442651502823
650,h,1,1,1082,624,1340,882,21.666666666666668,0.2261263904897451,0.23069340713295722
651,h,1,1,1082,624,1340,882,21.7,0.24412004136202048,0.2505451621306743
652,h,1,1,1082,595,1340,853,21.733333333333334,0.21428571428571427,0.21390370161494898
653,h,1,1,1082,595,1340,853,21.766666666666666,0.21428571428571427,0.21390370161494898
654,h,1,1,1082,595,1340,853,21.8,0.21428571428571427,0.21390370161494898
655,h,1,1,1082,595,1340,853,21.833333333333332,0.21428571428571427,0.21390370161494898
656,h,1,1,1082,595,1340,853,21.866666666666667,0.21428571428571427,0.21390370161494898
657,h,1,1,1054,566,1312,824,21.9,0.20496320152704403,0.20238095238095238
658,h,1,1,1082,509,1340,767,21.933333333333334,0.19821944218702023,0.21036293259670388
659,h,1,1,1058,474,1368,783,21.966666666666665,0.29012468149668497,0.28484364594794254
660,h,1,1,1058,474,1368,783,22.0,0.29012468149668497,0.28484364594794254
665,h,1,1,1093,439,1402,749,22.166666666666668,0.25078847561091183,0.2564364305310774
666,h,1,1,1162,370,1471,680,22.2,0.2343867815710272,0.2177208101138184
667,h,1,1,1162,336,1471,646,22.233333333333334,0.22253096367089298,0.2198108998279392
668,h,1,1,1162,336,1471,646,22.266666666666666,0.22253096367089298,0.2198108998279392
811,h,1,1,1212,1116,1337,1240,27.033333333333335,0.3128430032178382,0.39473684210526316
812,h,2,2,725,1405,875,1555,27.066666666666666,0.1850583025494013,0.19109383541230276
813,h,2,2,725,1405,875,1555,27.1,0.2052363431536707,0.1979910883516849
814,h,2,2,725,1405,875,1555,27.133333333333333,0.2052363431536707,0.1979910883516849
815,h,2,2,725,1405,875,1555,27.166666666666668,0.20553739839986637,0.2230253384590965
816,h,2,2,725,1389,875,1538,27.2,0.24057579331422171,0.25796783689685204
817,h,2,2,725,1389,875,1538,27.233333333333334,0.23326320781850465,0.26827796561518036
818,h,2,2,725,1389,875,1538,27.266666666666666,0.23326320781850465,0.26827796561518036
819,h,2,2,725,1389,875,1538,27.3,0.23326320781850465,0.26827796561518036
820,h,2,2,725,1389,875,1538,27.333333333333332,0.23326320781850465,0.26827796561518036
821,h,1,1,691,1368,871,1547,27.366666666666667,0.22360155239644974,0.25076804916068385
822,h,1,1,691,1368,871,1547,27.4,0.22360155239644974,0.25076804916068385
823,h,2,1,691,1368,871,1547,27.433333333333334,0.20356413280434144,0.23753419825710168
824,h,2,1,691,1368,871,1547,27.466666666666665,0.21138217155662417,0.21451736320177964
825,h,2,1,691,1368,871,1547,27.5,0.21138217155662417,0.21451736320177964
826,h,2,1,691,1368,871,1547,27.533333333333335,0.22360155239644974,0.23753419825710168
827,h,2,1,691,1368,871,1547,27.566666666666666,0.1896551724137931,0.22216278223474573
828,h,2,1,691,1368,871,1547,27.6,0.19642857142857142,0.23298866845467261
829,h,2,1,691,1368,871,1547,27.633333333333333,0.19642857142857142,0.23298866845467261
830,h,2,1,691,1368,871,1547,27.666666666666668,0.19790647375532533,0.20705019181580334
831,h,2,1,691,1368,871,1547,27.7,0.19790647375532533,0.20705019181580334
832,h,2,1,691,1368,871,1547,27.733333333333334,0.19790647375532533,0.20705019181580334
833,h,2,1,691,1368,871,1547,27.766666666666666,0.19790647375532533,0.20705019181580334
834,h,2,1,691,1368,871,1547,27.8,0.16248249131415687,0.18808916540952
835,h,2,1,691,1368,871,1547,27.833333333333332,0.2222222222222222,0.23088532187470212
836,h,2,2,691,1368,871,1547,27.866666666666667,0.19642857142857142,0.2338932566316717
837,h,2,2,691,1368,871,1547,27.9,0.19642857142857142,0.2338932566316717
838,h,2,2,691,1368,871,1547,27.933333333333334,0.21576361661246818,0.23858557568108957
839,h,2,2,691,1368,871,1547,27.966666666666665,0.21576361661246818,0.23858557568108957
840,h,2,2,691,1368,871,1547,28.0,0.21576361661246818,0.23858557568108957
841,h,2,2,691,1368,871,1547,28.033333333333335,0.21576361661246818,0.23858557568108957
842,h,2,2,691,1368,871,1547,28.066666666666666,0.2584670687983416,0.28701965117467215
843,h,2,2,691,1368,871,1547,28.1,0.26785714285714285,0.272833653069395
844,h,2,2,691,1368,871,1547,28.133333333333333,0.26785714285714285,0.272833653069395
845,h,2,2,691,1368,871,1547,28.166666666666668,0.2855322440992999,0.3009791858555569
846,h,2,2,691,1368,871,1547,28.2,0.26785714285714285,0.26100458485665606
847,h,2,2,691,1368,871,1547,28.233333333333334,0.26896888836247407,0.26100458485665606
848,h,2,2,691,1368,871,1547,28.266666666666666,0.26896888836247407,0.26100458485665606
849,h,2,2,691,1368,871,1547,28.3,0.286826031219617,0.28163779009993894
850,h,2,2,691,1368,871,1547,28.333333333333332,0.2857142857142857,0.2783227908138043
851,h,1,1,1229,970,1408,1149,28.366666666666667,0.26039679243213437,0.279776268442101
852,h,1,1,1229,970,1408,1149,28.4,0.26039679243213437,0.279776268442101
853,h,2,2,711,1368,891,1547,28.433333333333334,0.3111148315119679,0.3410201954389629
854,h,2,2,711,1368,891,1547,28.466666666666665,0.30960941226920163,0.33532806177235575
855,h,2,2,711,1368,891,1547,28.5,0.30960941226920163,0.33532806177235575
856,h,2,2,711,1368,891,1547,28.533333333333335,0.3222121647855953,0.3487429162314578
857,h,2,2,711,1368,891,1547,28.566666666666666,0.3222121647855953,0.3487429162314578
858,h,2,2,711,1368,891,1547,28.6,0.3222121647855953,0.3487429162314578
859,h,2,2,711,1368,891,1547,28.633333333333333,0.3222121647855953,0.3487429162314578
860,h,2,2,1236,926,1451,1141,28.666666666666668,0.31016048255800993,0.32159823187195935
861,h,1,1,1269,910,1448,1090,28.7,0.3111148315119679,0.3105971478222138
862,h,2,2,711,1368,891,1547,28.733333333333334,0.2512690680690263,0.2588654001402502
863,h,2,2,711,1368,891,1547,28.766666666666666,0.2512690680690263,0.2588654001402502
864,h,2,2,711,1368,891,1547,28.8,0.2584670687983416,0.2981190083456099
865,h,2,2,711,1368,891,1547,28.833333333333332,0.30357142857142855,0.2928315475807072
866,h,2,2,711,1368,891,1547,28.866666666666667,0.22413793103448276,0.2267462937912591
867,h,2,2,711,1368,891,1547,28.9,0.22413793103448276,0.2267462937912591
868,h,2,2,1236,854,1451,1069,28.933333333333334,0.3188691063210191,0.30835896243411876
869,h,2,2,1236,854,1451,1069,28.966666666666665,0.3086900418198737,0.3180358297280759
870,h,2,2,1236,854,1451,1069,29.0,0.3086900418198737,0.3180358297280759
871,h,2,2,1236,854,1451,1069,29.033333333333335,0.3086900418198737,0.3180358297280759
872,h,2,2,1236,854,1451,1069,29.066666666666666,0.3086900418198737,0.3180358297280759
873,h,2,2,1236,830,1451,1045,29.1,0.27356644148693054,0.27356644148693054
874,h,2,2,1236,830,1451,1045,29.133333333333333,0.27356644148693054,0.27356644148693054
875,h,1,1,711,1368,891,1547,29.166666666666668,0.26895473833091715,0.2703764935712091
876,h,1,1,711,1368,891,1547,29.2,0.2498407135868874,0.23249527748763857
877,h,1,1,711,1368,891,1547,29.233333333333334,0.26057532984936066,0.27660960302291404
878,h,1,1,711,1368,891,1547,29.266666666666666,0.26057532984936066,0.27660960302291404
879,h,1,1,711,1368,891,1547,29.3,0.2584670687983416,0.26100458485665606
880,h,1,1,725,1372,875,1522,29.333333333333332,0.25908162356916187,0.26100458485665606
881,h,1,1,725,1372,875,1522,29.366666666666667,0.2826086956521739,0.25565499628245686
882,h,1,1,725,1372,875,1522,29.4,0.2826086956521739,0.25565499628245686
883,h,1,1,725,1372,875,1522,29.433333333333334,0.2826086956521739,0.25565499628245686
884,h,1,1,725,1372,875,1522,29.466666666666665,0.2826086956521739,0.25565499628245686
885,h,1,1,725,1372,875,1522,29.5,0.2826086956521739,0.25565499628245686
973,h,1,1,725,1405,875,1555,32.43333333333333,0.23395240501146997,0.23568685571604145
974,h,1,1,725,1405,875,1555,32.46666666666667,0.24981529365782856,0.24387543932395758
975,h,1,1,725,1405,875,1555,32.5,0.24981529365782856,0.24387543932395758
976,h,1,1,725,1405,875,1555,32.53333333333333,0.24981529365782856,0.24387543932395758
977,h,1,1,725,1405,875,1555,32.56666666666667,0.24981529365782856,0.24387543932395758
989,h,1,1,691,1388,871,1567,32.96666666666667,0.30337800935550613,0.2741133370468524
990,h,1,1,691,1388,871,1567,33.0,0.30337800935550613,0.2741133370468524
991,h,1,1,691,1388,871,1567,33.03333333333333,0.2750868570667325,0.26559258100921596
992,h,1,1,691,1388,871,1567,33.06666666666667,0.25,0.24199904113777435
1001,h,1,1,691,1388,871,1567,33.36666666666667,0.2,0.18740709284501186
1002,h,1,1,691,1388,871,1567,33.4,0.2,0.18740709284501186
1004,h,1,1,691,1408,871,1587,33.46666666666667,0.19630341781826866,0.20801102901474558
1046,h,1,1,711,1388,891,1567,34.86666666666667,0.21666666666666667,0.22451115378563033
1047,h,1,1,711,1388,891,1567,34.9,0.21666666666666667,0.22451115378563033
1048,h,1,1,711,1388,891,1567,34.93333333333333,0.21428571428571427,0.21913285395639157
1049,h,1,1,711,1388,891,1567,34.96666666666667,0.21428571428571427,0.21913285395639157
1050,h,1,1,711,1388,891,1567,35.0,0.21428571428571427,0.21913285395639157
1051,h,1,1,711,1388,891,1567,35.03333333333333,0.21428571428571427,0.21913285395639157
1052,h,1,1,711,1388,891,1567,35.06666666666667,0.22413793103448276,0.21913285395639157
1053,h,1,1,711,1388,891,1567,35.1,0.2498407135868874,0.25
1054,h,1,1,711,1388,891,1567,35.13333333333333,0.2498407135868874,0.25
1055,h,1,1,711,1388,891,1567,35.166666666666664,0.23199494833068116,0.23852464424945427
1063,h,1,1,711,1368,891,1547,35.43333333333333,0.29310344827586204,0.2831760569774271
1064,h,1,1,711,1368,891,1547,35.46666666666667,0.2767709785657451,0.2803795940559972
1065,h,1,1,711,1368,891,1547,35.5,0.29388369359207844,0.28544221833640143
1066,h,1,1,711,1368,891,1547,35.53333333333333,0.29388369359207844,0.28544221833640143
1067,h,1,1,711,1368,891,1547,35.56666666666667,0.29388369359207844,0.28544221833640143
1068,h,1,1,711,1368,891,1547,35.6,0.29388369359207844,0.28544221833640143
1069,h,1,1,711,1368,891,1547,35.63333333333333,0.29388369359207844,0.28544221833640143
1070,h,1,1,711,1368,891,1547,35.666666666666664,0.30357142857142855,0.3044776195248645
1071,h,1,1,711,1368,891,1547,35.7,0.30357142857142855,0.26658802848871355
1072,h,2,2,711,1368,891,1547,35.733333333333334,0.30456044889531103,0.2831760569774271
1073,h,2,2,711,1368,891,1547,35.766666666666666,0.30456044889531103,0.2831760569774271
1074,h,2,2,711,1368,891,1547,35.8,0.30337800935550613,0.2756779149413134
1075,h,2,2,711,1368,891,1547,35.833333333333336,0.30337800935550613,0.2756779149413134
1076,h,2,2,711,1368,891,1547,35.86666666666667,0.30337800935550613,0.2756779149413134
1077,h,2,2,711,1368,891,1547,35.9,0.30337800935550613,0.2756779149413134
1078,h,2,2,711,1368,891,1547,35.93333333333333,0.23214285714285715,0.23140342546300097
1079,h,2,2,711,1388,891,1567,35.96666666666667,0.19642857142857142,0.2099069029959598
1080,h,2,2,711,1388,891,1567,36.0,0.2067736550386733,0.2208630521496931
1081,h,2,2,711,1388,891,1567,36.03333333333333,0.2067736550386733,0.2208630521496931
1082,h,2,1,1240,1057,1389,1206,36.06666666666667,0.22285517613508854,0.24974213505257492
1083,h,2,1,1240,1057,1389,1206,36.1,0.22285517613508854,0.24974213505257492
1084,h,2,1,1240,1057,1389,1206,36.13333333333333,0.22285517613508854,0.24974213505257492
1085,h,2,1,1240,1057,1389,1206,36.166666666666664,0.22285517613508854,0.24974213505257492
1086,h,2,1,1240,1057,1389,1206,36.2,0.24025467506867723,0.29514979597122487
1087,h,2,2,691,1388,871,1567,36.233333333333334,0.16061188730585618,0.16792499439074887
1088,h,2,2,691,1388,871,1567,36.266666666666666,0.16061188730585618,0.16792499439074887
1089,h,2,1,1209,990,1388,1169,36.3,0.25986337406568816,0.24981529365782856
1090,h,2,1,1209,970,1388,1149,36.333333333333336,0.2956299392253562,0.25925925925925924
1091,h,1,1,1209,970,1388,1149,36.36666666666667,0.2872060404042193,0.2777777777777778
1092,h,1,1,1209,970,1388,1149,36.4,0.2872060404042193,0.2777777777777778
1093,h,1,1,1209,950,1388,1129,36.43333333333333,0.2572478777137633,0.2855322440992999
1094,h,1,1,1209,950,1388,1129,36.46666666666667,0.32159823187195935,0.3580119953751373
1095,h,2,1,1209,930,1388,1110,36.5,0.30337800935550613,0.3206117249455934
1096,h,2,1,1209,930,1388,1110,36.53333333333333,0.30337800935550613,0.3206117249455934
1097,h,2,1,1229,930,1408,1110,36.56666666666667,0.2769354784189405,0.32258473879832533
1098,h,2,1,1229,930,1408,1110,36.6,0.27586206896551724,0.2773500981126145
1099,h,2,1,1229,930,1408,1110,36.63333333333333,0.27586206896551724,0.2773500981126145
1100,h,2,1,1212,902,1427,1117,36.666666666666664,0.2929293446381205,0.28609712017792893
1101,h,2,1,1212,902,1427,1117,36.7,0.2929293446381205,0.28609712017792893
1102,h,2,1,1212,902,1427,1117,36.733333333333334,0.2929293446381205,0.28609712017792893
1103,h,2,1,1212,902,1427,1117,36.766666666666666,0.2929293446381205,0.28609712017792893
1104,h,2,1,1249,910,1428,1090,36.8,0.29017164609862245,0.288972584580571
1105,h,2,1,1260,854,1475,1069,36.833333333333336,0.25145491044009416,0.25853118590648133
1106,h,2,1,1260,854,1475,1069,36.86666666666667,0.25048402753040816,0.2429509000233231
1107,h,2,1,1260,854,1475,1069,36.9,0.25048402753040816,0.2429509000233231
1108,h,2,1,1260,830,1475,1045,36.93333333333333,0.2874491168958943,0.2815659951971824
1109,h,2,1,1260,806,1475,1021,36.96666666666667,0.23671603823699963,0.2342606428329091
1110,h,2,1,1260,806,1475,1021,37.0,0.26424909878161656,0.24336754164088711
1111,h,2,1,1260,806,1475,1021,37.03333333333333,0.26424909878161656,0.24336754164088711
1112,h,2,1,1260,806,1475,1021,37.06666666666667,0.26424909878161656,0.24336754164088711
1113,h,2,1,1260,806,1475,1021,37.1,0.26424909878161656,0.24336754164088711
1114,h,2,1,1260,806,1475,1021,37.13333333333333,0.26424909878161656,0.24336754164088711
1115,h,2,1,1260,782,1475,997,37.166666666666664,0.2857142857142857,0.28630995721990926
1116,h,2,1,1236,758,1451,973,37.2,0.2972972972972973,0.2709442651502823
1117,h,2,1,1236,758,1451,973,37.233333333333334,0.3162272927392353,0.32476781989819453
1118,h,2,1,1236,758,1451,973,37.266666666666666,0.3162272927392353,0.32476781989819453
1119,h,2,1,1236,758,1451,973,37.3,0.3162272927392353,0.32476781989819453
1120,h,2,1,1236,758,1451,973,37.333333333333336,0.3162272927392353,0.32476781989819453
1121,h,2,1,1236,735,1451,950,37.36666666666667,0.27631578947368424,0.28378378378378377
1122,h,2,1,1236,735,1451,950,37.4,0.27631578947368424,0.28378378378378377
1123,h,2,1,1168,624,1426,882,37.43333333333333,0.24443798299381764,0.23874116453045505
1124,h,2,1,1168,624,1426,882,37.46666666666667,0.275,0.256326007925508
1125,h,1,1,1168,595,1426,853,37.5,0.2619047619047619,0.2687659356717014
1126,h,1,1,1168,595,1426,853,37.53333333333333,0.2619047619047619,0.2687659356717014
1127,h,1,1,1168,566,1426,824,37.56666666666667,0.2504507919156104,0.25113376950366845
1128,h,1,1,1168,538,1426,796,37.6,0.2675249432512774,0.27906976744186046
1129,h,1,1,1168,538,1426,796,37.63333333333333,0.2675249432512774,0.27906976744186046
1130,h,1,1,1127,508,1437,818,37.666666666666664,0.2765957446808511,0.2714826517269184
1131,h,1,1,1127,474,1437,783,37.7,0.2554400582872948,0.25991579278153737
1132,h,1,1,1127,474,1437,783,37.733333333333334,0.2396584132287637,0.22858704208574848
1133,h,1,1,1127,474,1437,783,37.766666666666666,0.2396584132287637,0.22858704208574848
1134,h,1,1,1127,439,1437,749,37.8,0.23437711012151624,0.22896799591699732
1135,h,1,1,1127,439,1437,749,37.833333333333336,0.28020945306091133,0.27070517771464847
1136,h,1,1,1162,405,1471,714,37.86666666666667,0.27540720274496155,0.2753864381567823
1137,h,1,1,1162,405,1471,714,37.9,0.27540720274496155,0.2753864381567823
1138,h,1,1,1162,370,1471,680,37.93333333333333,0.28777459523409515,0.27025471511936455
1139,h,1,1,1162,370,1471,680,37.96666666666667,0.28777459523409515,0.27025471511936455
1140,h,1,1,1162,370,1471,680,38.0,0.28777459523409515,0.27025471511936455
1141,h,1,1,1162,370,1471,680,38.03333333333333,0.28777459523409515,0.27025471511936455
1142,h,1,1,1147,321,1518,692,38.06666666666667,0.2965394692725762,0.2868302867157468
1300,h,1,1,691,1368,871,1547,43.333333333333336,0.30357142857142855,0.2956409967709525
1301,h,1,1,691,1368,871,1547,43.36666666666667,0.30357142857142855,0.2956409967709525
1302,h,1,1,691,1368,871,1547,43.4,0.30357142857142855,0.2956409967709525
1303,h,1,1,691,1368,871,1547,43.43333333333333,0.30357142857142855,0.2956409967709525
1304,h,1,1,691,1368,871,1547,43.46666666666667,0.32142857142857145,0.3062565973955106
1308,h,2,1,1123,1107,1273,1256,43.6,0.27457553002632473,0.32608695652173914
1309,h,2,1,1123,1107,1273,1256,43.63333333333333,0.27457553002632473,0.32608695652173914
1310,h,2,1,1123,1107,1273,1256,43.666666666666664,0.27457553002632473,0.32608695652173914
1311,h,2,1,1123,1107,1273,1256,43.7,0.27457553002632473,0.32608695652173914
1314,h,1,1,711,1348,891,1528,43.8,0.3580334932343016,0.3432758881277823
1315,h,1,1,711,1348,891,1528,43.833333333333336,0.3701166050988026,0.3381652518091755
1316,h,1,1,711,1348,891,1528,43.86666666666667,0.3710395948771255,0.35241990284605273
1317,h,1,1,711,1348,891,1528,43.9,0.3710395948771255,0.35241990284605273
1318,h,2,2,711,1348,891,1528,43.93333333333333,0.3525337646221854,0.3561309707013459
1319,h,1,1,711,1348,891,1528,43.96666666666667,0.38954542513206564,0.3561309707013459
1320,h,1,1,711,1348,891,1528,44.0,0.40352637694589777,0.3687108791699814
1321,h,1,1,711,1348,891,1528,44.03333333333333,0.40352637694589777,0.3687108791699814
1322,h,1,1,711,1348,891,1528,44.06666666666667,0.40352637694589777,0.3687108791699814
1323,h,1,1,711,1348,891,1528,44.1,0.40352637694589777,0.3687108791699814
1324,h,1,1,711,1348,891,1528,44.13333333333333,0.40352637694589777,0.3687108791699814
1325,h,2,2,711,1348,891,1528,44.166666666666664,0.40384615384615385,0.3535733411216873
1326,h,1,1,711,1329,891,1508,44.2,0.42276434311324834,0.3709258544035697
1327,h,1,1,711,1329,891,1508,44.233333333333334,0.3843312210120439,0.36595268322822494
1328,h,1,1,711,1329,891,1508,44.266666666666666,0.3843312210120439,0.36595268322822494
1329,h,1,1,711,1329,891,1508,44.3,0.39968038348871576,0.3504744925699965
1330,h,1,1,711,1329,891,1508,44.333333333333336,0.36,0.3473542920900184
1331,h,1,1,711,1329,891,1508,44.36666666666667,0.3197443067909726,0.2781587006975022
1332,h,1,1,711,1329,891,1508,44.4,0.3197443067909726,0.2781587006975022
1333,h,1,1,711,1329,891,1508,44.43333333333333,0.3125,0.2805908422788845
1334,h,1,1,711,1329,891,1508,44.46666666666667,0.3538596300535413,0.33197420423824964
1335,h,1,1,711,1329,891,1508,44.5,0.34615384615384615,0.3180326535490814
1336,h,1,1,711,1329,891,1508,44.53333333333333,0.34615384615384615,0.3180326535490814
1337,h,1,1,711,1329,891,1508,44.56666666666667,0.37467490240963197,0.3473542920900184
1338,h,1,1,711,1329,891,1508,44.6,0.37467490240963197,0.3473542920900184
1339,h,1,1,711,1329,891,1508,44.63333333333333,0.37467490240963197,0.3473542920900184
1340,h,1,1,711,1329,891,1508,44.666666666666664,0.37467490240963197,0.3473542920900184
1341,h,1,1,711,1348,891,1528,44.7,0.37969636431428,0.36389797589578193
1342,h,2,2,711,1348,891,1528,44.733333333333334,0.28261670947211076,0.20483439839080228
1343,h,2,2,711,1348,891,1528,44.766666666666666,0.28261670947211076,0.20483439839080228
1344,h,2,2,711,1348,891,1528,44.8,0.30888957208266443,0.2651259647569979
1345,h,1,1,711,1348,891,1528,44.833333333333336,0.3076923076923077,0.2613195330346501
1346,h,1,1,711,1348,891,1528,44.86666666666667,0.3076923076923077,0.2613195330346501
1347,h,1,1,711,1348,891,1528,44.9,0.3076923076923077,0.2613195330346501
1348,h,1,1,711,1348,891,1528,44.93333333333333,0.3076923076923077,0.2613195330346501
1349,h,1,1,711,1348,891,1528,44.96666666666667,0.36,0.2948169705325204
1350,h,1,1,711,1348,891,1528,45.0,0.36110770276274834,0.29695970548312184
1351,h,1,1,711,1348,891,1528,45.03333333333333,0.36110770276274834,0.29695970548312184
1352,h,1,1,711,1348,891,1528,45.06666666666667,0.34,0.3003093012088919
1353,h,1,1,711,1348,891,1528,45.1,0.34,0.3180326535490814
1354,h,1,1,711,1348,891,1528,45.13333333333333,0.34,0.3180326535490814
1355,h,1,1,711,1348,891,1528,45.166666666666664,0.32,0.30997748444522605
1356,h,1,1,711,1348,891,1528,45.2,0.3197443067909726,0.26289323464498665
1357,h,1,1,711,1348,891,1528,45.233333333333334,0.3137083812010913,0.2727749589955259
1358,h,1,1,711,1348,891,1528,45.266666666666666,0.3137083812010913,0.2727749589955259
1359,h,1,1,711,1348,891,1528,45.3,0.2698978095246549,0.23123193571063133
1360,h,1,1,711,1348,891,1528,45.333333333333336,0.27059854062917865,0.25
1361,h,1,1,711,1348,891,1528,45.36666666666667,0.2708333333333333,0.23951712355681748
1362,h,1,1,711,1348,891,1528,45.4,0.2708333333333333,0.23951712355681748
1363,h,1,1,711,1348,891,1528,45.43333333333333,0.2914138129852693,0.225923932826886
1364,h,1,1,725,1372,875,1522,45.46666666666667,0.2916666666666667,0.23915727835550232
1365,h,1,1,725,1372,875,1522,45.5,0.2916666666666667,0.23915727835550232
1366,h,1,1,725,1372,875,1522,45.53333333333333,0.2916666666666667,0.23915727835550232
1367,h,1,1,725,1372,875,1522,45.56666666666667,0.2916666666666667,0.23915727835550232
1368,h,1,1,725,1372,875,1522,45.6,0.3058927785188147,0.2272844773402427
1369,h,1,1,725,1372,875,1522,45.63333333333333,0.3058927785188147,0.2272844773402427
1370,h,2,2,1284,735,1499,950,45.666666666666664,0.27604378772980115,0.262995840624049
1371,h,2,2,1284,735,1499,950,45.7,0.2841383126250638,0.2641048678375119
1372,h,2,2,1254,710,1512,968,45.733333333333334,0.2641048678375119,0.2379702381688594
1373,h,2,2,1254,710,1512,968,45.766666666666666,0.2641048678375119,0.2379702381688594
1374,h,2,2,1260,711,1475,926,45.8,0.2649560727372104,0.25658870803436207
1375,h,2,2,1226,681,1484,939,45.833333333333336,0.2823801729787403,0.2774728419100069
1376,h,2,2,1236,663,1451,878,45.86666666666667,0.28173641340143535,0.2696551322172109
1377,h,2,2,1236,663,1451,878,45.9,0.28173641340143535,0.2696551322172109
1378,h,2,2,1197,624,1455,882,45.93333333333333,0.26177782306550923,0.2686807568703536
1379,h,2,2,1212,591,1427,806,45.96666666666667,0.2858855095814785,0.2633614616461483
1380,h,2,2,1212,591,1427,806,46.0,0.2858855095814785,0.2633614616461483
1381,h,2,2,1212,591,1427,806,46.03333333333333,0.2858855095814785,0.2633614616461483
1382,h,2,2,1212,591,1427,806,46.06666666666667,0.2858855095814785,0.2633614616461483
1383,h,1,1,742,1372,891,1522,46.1,0.24216837218438914,0.20801102901474558
1384,h,1,1,742,1372,891,1522,46.13333333333333,0.24216837218438914,0.20801102901474558
1385,h,1,1,1168,480,1426,738,46.166666666666664,0.25041319235374154,0.23890515424475348
1386,h,1,1,1168,452,1426,710,46.2,0.2607412297785201,0.25524221374868605
1387,h,1,1,1168,423,1426,681,46.233333333333334,0.2730731871078546,0.25484039285492227
1388,h,1,1,1168,423,1426,681,46.266666666666666,0.2730731871078546,0.25484039285492227
1464,h,1,1,691,1348,871,1528,48.8,0.2777777777777778,0.30736845579728317
1465,h,1,1,691,1348,871,1528,48.833333333333336,0.302799962448616,0.33333333333333337
1466,h,1,1,691,1348,871,1528,48.86666666666667,0.29860213882587217,0.31833189566998593
1467,h,1,1,691,1348,871,1528,48.9,0.29860213882587217,0.31833189566998593
1468,h,1,1,691,1348,871,1528,48.93333333333333,0.35185185185185186,0.3917009099913946
1469,h,1,1,691,1348,871,1528,48.96666666666667,0.35185185185185186,0.3917009099913946
1470,h,1,1,691,1348,871,1528,49.0,0.35185185185185186,0.3917009099913946
1471,h,1,1,691,1348,871,1528,49.03333333333333,0.35185185185185186,0.3917009099913946
1472,h,1,1,691,1348,871,1528,49.06666666666667,0.32142857142857145,0.37267799624996495
1473,h,1,1,691,1348,871,1528,49.1,0.33995960849444945,0.3492877249739498
1474,h,1,1,691,1348,871,1528,49.13333333333333,0.3269230769230769,0.36007232433992187
1475,h,1,1,691,1348,871,1528,49.166666666666664,0.3269230769230769,0.36007232433992187
1476,h,1,1,691,1348,871,1528,49.2,0.1980704968136292,0.22403473458920845
1477,h,1,1,691,1348,871,1528,49.233333333333334,0.2141491830744749,0.24025467506867723
1478,h,1,1,691,1348,871,1528,49.266666666666666,0.2141491830744749,0.24025467506867723
1479,h,1,1,691,1348,871,1528,49.3,0.21428571428571427,0.2549281923196918
1480,h,1,1,691,1348,871,1528,49.333333333333336,0.21428571428571427,0.2549281923196918
1481,h,1,1,691,1348,871,1528,49.36666666666667,0.21428571428571427,0.2549281923196918
1482,h,1,1,691,1348,871,1528,49.4,0.21428571428571427,0.2549281923196918
1483,h,1,1,691,1348,871,1528,49.43333333333333,0.3333333333333333,0.29788655323702506
1484,h,1,1,691,1348,871,1528,49.46666666666667,0.2962962962962963,0.28316345653436664
1492,h,1,1,711,1348,891,1528,49.733333333333334,0.22513314173361795,0.20945863510119814
1493,h,1,1,711,1348,891,1528,49.766666666666666,0.22513314173361795,0.20945863510119814
1494,h,1,1,711,1348,891,1528,49.8,0.2231435084485957,0.22772766323397484
1495,h,1,1,711,1348,891,1528,49.833333333333336,0.22360155239644974,0.21122354181147662
1496,h,1,1,711,1348,891,1528,49.86666666666667,0.26039679243213437,0.272833653069395
1497,h,1,1,711,1348,891,1528,49.9,0.26039679243213437,0.272833653069395
1498,h,1,1,711,1348,891,1528,49.93333333333333,0.31459911433398224,0.3090398323477543
1499,h,1,1,711,1348,891,1528,49.96666666666667,0.31596773607960277,0.3090398323477543
1500,h,1,1,711,1348,891,1528,50.0,0.3333333333333333,0.3243309412812919
1501,h,1,1,711,1348,891,1528,50.03333333333333,0.3333333333333333,0.3243309412812919
1502,h,1,1,711,1348,891,1528,50.06666666666667,0.3333333333333333,0.3243309412812919
1503,h,1,1,711,1348,891,1528,50.1,0.3333333333333333,0.3243309412812919
1504,h,1,1,711,1348,891,1528,50.13333333333333,0.3333333333333333,0.3243309412812919
1505,h,1,1,711,1348,891,1528,50.166666666666664,0.3390695398679186,0.3505255668986707
1506,h,1,1,711,1348,891,1528,50.2,0.36617897184975545,0.3602713682358532
1507,h,1,1,711,1348,891,1528,50.233333333333334,0.34589809891083956,0.3551235836211345
1508,h,1,1,711,1348,891,1528,50.266666666666666,0.34589809891083956,0.3551235836211345
1509,h,1,1,711,1348,891,1528,50.3,0.34589809891083956,0.3741275487559605
1510,h,1,1,711,1348,891,1528,50.333333333333336,0.33310494458892237,0.342501129287355
1511,h,1,1,711,1348,891,1528,50.36666666666667,0.3390695398679186,0.3455170364423585
1512,h,1,1,711,1348,891,1528,50.4,0.3390695398679186,0.3455170364423585
1513,h,1,1,711,1348,891,1528,50.43333333333333,0.3390695398679186,0.3455170364423585
1514,h,1,1,711,1348,891,1528,50.46666666666667,0.3390695398679186,0.3455170364423585
1515,h,1,1,711,1348,891,1528,50.5,0.26039679243213437,0.30476104147973054
1516,h,1,1,711,1348,891,1528,50.53333333333333,0.26039679243213437,0.30476104147973054
1517,h,1,1,711,1348,891,1528,50.56666666666667,0.2960932840790421,0.291549070869065
1518,h,1,1,711,1348,891,1528,50.6,0.33310494458892237,0.3326961497177341
1519,h,1,1,711,1348,891,1528,50.63333333333333,0.3341298925539398,0.3210269745707083
1520,h,1,1,711,1348,891,1528,50.666666666666664,0.3341298925539398,0.3210269745707083
1521,h,1,1,711,1348,891,1528,50.7,0.3341298925539398,0.3210269745707083
1522,h,1,1,711,1348,891,1528,50.733333333333334,0.3341298925539398,0.3210269745707083
1523,h,1,1,711,1348,891,1528,50.766666666666666,0.3341298925539398,0.3210269745707083
1524,h,1,1,711,1348,891,1528,50.8,0.37969636431428,0.3687817782917155
1525,h,1,1,711,1348,891,1528,50.833333333333336,0.3843312210120439,0.3698755078175215
1526,h,1,1,725,1356,875,1505,50.86666666666667,0.2711630722733202,0.28041935531770135
1527,h,1,1,725,1356,875,1505,50.9,0.2711630722733202,0.28041935531770135
1528,h,1,1,725,1356,875,1505,50.93333333333333,0.25986337406568816,0.270572342600696
1529,h,1,1,725,1356,875,1505,50.96666666666667,0.2711630722733202,0.2990257723368882
1530,h,1,1,725,1356,875,1505,51.0,0.3516107748438625,0.3265005094706839
1531,h,1,1,725,1356,875,1505,51.03333333333333,0.3516107748438625,0.3265005094706839
1532,h,1,1,742,1356,891,1505,51.06666666666667,0.34619620652766353,0.33778759059326596
1533,h,1,1,742,1356,891,1505,51.1,0.34589809891083956,0.3512366706921373
1534,h,1,1,742,1356,891,1505,51.13333333333333,0.3451342449813167,0.3602713682358532
1535,h,1,1,742,1356,891,1505,51.166666666666664,0.3451342449813167,0.3602713682358532
1536,h,1,1,742,1356,891,1505,51.2,0.33344543319558034,0.3795817766865742
1537,h,1,1,742,1356,891,1505,51.233333333333334,0.35712362265734277,0.38379330022460956
1538,h,1,1,742,1356,891,1505,51.266666666666666,0.35712362265734277,0.38379330022460956
1539,h,1,1,742,1356,891,1505,51.3,0.3710395948771255,0.3662681082280337
1540,h,1,1,742,1356,891,1505,51.333333333333336,0.3098577364517393,0.3265005094706839
1541,h,2,2,731,1348,910,1528,51.36666666666667,0.22467196035125608,0.2632799341285159
1542,h,2,2,731,1348,910,1528,51.4,0.22467196035125608,0.2632799341285159
1543,h,2,2,742,1356,891,1505,51.43333333333333,0.2518963609299392,0.23140342546300097
1544,h,2,2,742,1356,891,1505,51.46666666666667,0.2972454154011098,0.32550061923207524
1545,h,2,2,731,1348,910,1528,51.5,0.3289422295696032,0.3513838174927278
1546,h,2,2,731,1348,910,1528,51.53333333333333,0.3289422295696032,0.3513838174927278
1547,h,2,2,731,1348,910,1528,51.56666666666667,0.34619620652766353,0.36385416113706825
1548,h,2,2,731,1348,910,1528,51.6,0.3091734712004211,0.3078192337283573
1549,h,2,2,742,1356,891,1505,51.63333333333333,0.24678447724008845,0.27070003811552007
1550,h,2,2,742,1356,891,1505,51.666666666666664,0.24678447724008845,0.27070003811552007
1551,h,2,2,742,1356,891,1505,51.7,0.24678447724008845,0.27070003811552007
1552,h,2,2,742,1356,891,1505,51.733333333333334,0.24678447724008845,0.27070003811552007
1553,h,2,2,742,1356,891,1505,51.766666666666666,0.24678447724008845,0.27070003811552007
1554,h,2,2,731,1348,910,1528,51.8,0.2092533924420837,0.22377339509713323
1555,h,2,2,731,1348,910,1528,51.833333333333336,0.33344543319558034,0.3794593943603135
1556,h,2,2,731,1348,910,1528,51.86666666666667,0.3834824944236852,0.3749838940028685
1557,h,2,2,731,1348,910,1528,51.9,0.3834824944236852,0.3749838940028685
1558,h,2,2,731,1348,910,1528,51.93333333333333,0.35089050619773093,0.3487429162314578
1559,h,2,2,731,1348,910,1528,51.96666666666667,0.2688139327222271,0.2651650429449553
1560,h,2,2,731,1348,910,1528,52.0,0.2512910115930429,0.22305240412699157
1561,h,2,2,731,1348,910,1528,52.03333333333333,0.2512910115930429,0.22305240412699157
1562,h,2,2,731,1348,910,1528,52.06666666666667,0.2512910115930429,0.22305240412699157
1563,h,2,2,731,1348,910,1528,52.1,0.2512910115930429,0.22305240412699157
1564,h,2,2,731,1348,910,1528,52.13333333333333,0.2512910115930429,0.22305240412699157
1565,h,2,2,731,1348,910,1528,52.166666666666664,0.2741651570883259,0.2510015647615655
1566,h,2,2,731,1348,910,1528,52.2,0.3472581680740104,0.34346008583763815
1567,h,2,2,731,1348,910,1528,52.233333333333334,0.34619620652766353,0.33929974601573754
1568,h,2,2,731,1348,910,1528,52.266666666666666,0.34619620652766353,0.33929974601573754
1569,h,2,2,731,1348,910,1528,52.3,0.3844388158036037,0.3749838940028685
1570,h,2,2,731,1348,910,1528,52.333333333333336,0.3844388158036037,0.3749838940028685
1571,h,2,2,731,1348,910,1528,52.36666666666667,0.3844388158036037,0.3749838940028685
1572,h,2,2,731,1348,910,1528,52.4,0.3844388158036037,0.3749838940028685
1573,h,2,2,731,1348,910,1528,52.43333333333333,0.3663266526287663,0.35704166919433433
1574,h,2,2,731,1348,910,1528,52.46666666666667,0.3719625846554484,0.3448048095242728
1575,h,2,2,731,1348,910,1528,52.5,0.3671374097679617,0.35704166919433433
1576,h,2,2,731,1348,910,1528,52.53333333333333,0.3671374097679617,0.35704166919433433
1577,h,2,2,731,1348,910,1528,52.56666666666667,0.37027952662613967,0.3621321019422931
1578,h,2,2,731,1348,910,1528,52.6,0.37027952662613967,0.3621321019422931
1579,h,2,2,731,1348,910,1528,52.63333333333333,0.37027952662613967,0.3621321019422931
1580,h,2,2,731,1348,910,1528,52.666666666666664,0.37027952662613967,0.3621321019422931
1581,h,2,2,731,1348,910,1528,52.7,0.2602896031476768,0.23140342546300097
1582,h,2,2,1229,970,1408,1149,52.733333333333334,0.25908162356916187,0.23236325539535313
1583,h,2,2,1229,970,1408,1149,52.766666666666666,0.25908162356916187,0.23236325539535313
1584,h,2,2,1229,970,1408,1149,52.8,0.24189096217719422,0.2028315183547162
1585,h,2,2,1229,950,1408,1129,52.833333333333336,0.24260461744595646,0.2272531790197692
1586,h,2,2,1229,950,1408,1129,52.86666666666667,0.23438761767212105,0.2082929933551513
1587,h,2,2,1229,950,1408,1129,52.9,0.23438761767212105,0.2082929933551513
1588,h,2,2,1212,926,1427,1141,52.93333333333333,0.34295493678976313,0.29494105528281117
1589,h,2,2,1249,950,1428,1129,52.96666666666667,0.25993762245501817,0.21580763418757448
1590,h,1,1,1249,950,1428,1129,53.0,0.21171839045681265,0.19595860530453488
1591,h,1,1,1249,950,1428,1129,53.03333333333333,0.21171839045681265,0.19595860530453488
1592,h,1,1,1236,926,1451,1141,53.06666666666667,0.2197531593968708,0.2108627213338625
1593,h,1,1,1236,926,1451,1141,53.1,0.2197531593968708,0.2108627213338625
1594,h,1,1,1236,926,1451,1141,53.13333333333333,0.2197531593968708,0.2108627213338625
1595,h,1,1,1236,926,1451,1141,53.166666666666664,0.2197531593968708,0.2108627213338625
1596,h,1,1,1269,930,1448,1110,53.2,0.2030258904551879,0.19595860530453488
1597,h,1,1,758,1372,908,1522,53.233333333333334,0.2741651570883259,0.24594369549720654
1598,h,1,1,758,1372,908,1522,53.266666666666666,0.2741651570883259,0.24594369549720654
1599,h,1,1,758,1372,908,1522,53.3,0.27816859188321963,0.24199904113777435
1603,h,2,2,1260,806,1475,1021,53.43333333333333,0.21674112656696357,0.18380365552345196
1604,h,2,2,1260,782,1475,997,53.46666666666667,0.21187142979276594,0.19244189934421058
1605,h,2,2,1260,782,1475,997,53.5,0.21187142979276594,0.19244189934421058
1606,h,2,2,1260,782,1475,997,53.53333333333333,0.21187142979276594,0.19244189934421058
1607,h,2,2,1260,782,1475,997,53.56666666666667,0.21187142979276594,0.19244189934421058
1608,h,1,1,758,1372,908,1522,53.6,0.2514912786715739,0.19306751220066048
1609,h,1,1,758,1372,908,1522,53.63333333333333,0.25322871749116127,0.21913285395639157
1610,h,1,1,758,1372,908,1522,53.666666666666664,0.25322871749116127,0.21913285395639157
1611,h,2,2,1197,652,1455,910,53.7,0.1931319455030003,0.20252431291665463
1612,h,1,1,1197,624,1455,882,53.733333333333334,0.18945750545549883,0.19855970149435787
1613,h,1,1,1197,624,1455,882,53.766666666666666,0.18945750545549883,0.19855970149435787
1614,h,1,1,1197,624,1455,882,53.8,0.18945750545549883,0.19855970149435787
1615,h,1,1,1197,624,1455,882,53.833333333333336,0.18945750545549883,0.19855970149435787
1616,h,1,1,1162,577,1471,886,53.86666666666667,0.3052170716734081,0.2913997136296607
1617,h,1,1,1162,577,1471,886,53.9,0.3052170716734081,0.2913997136296607
1618,h,1,1,1162,508,1471,818,53.93333333333333,0.24510794196452113,0.23947133806774457
1619,h,1,1,1162,474,1471,783,53.96666666666667,0.21875,0.2504507919156104
1620,h,1,1,1162,439,1471,749,54.0,0.216130990364581,0.22348005391493012
1621,h,1,1,1162,439,1471,749,54.03333333333333,0.216130990364581,0.22348005391493012
1622,h,1,1,1162,405,1471,714,54.06666666666667,0.24034017789179007,0.2455423798269054
1623,h,1,1,1162,405,1471,714,54.1,0.24034017789179007,0.2455423798269054
1624,h,1,1,1162,405,1471,714,54.13333333333333,0.24034017789179007,0.2455423798269054
1625,h,1,1,1162,405,1471,714,54.166666666666664,0.24034017789179007,0.2455423798269054
1626,h,1,1,1162,405,1471,714,54.2,0.21852383405890147,0.22490583244955942
1627,h,1,1,1196,302,1506,611,54.233333333333334,0.25,0.25489786867064884
1628,h,1,1,1196,302,1506,611,54.266666666666666,0.25,0.25489786867064884
1630,h,1,1,1188,238,1559,610,54.333333333333336,0.18579884916337883,0.19639726058571236
1631,h,1,1,1188,238,1559,610,54.36666666666667,0.18579884916337883,0.19639726058571236
1632,h,1,1,1188,238,1559,610,54.4,0.18579884916337883,0.19639726058571236
1633,h,1,1,1188,238,1559,610,54.43333333333333,0.18579884916337883,0.19639726058571236
1634,h,1,1,1188,197,1559,569,54.46666666666667,0.20003510912553835,0.19815808607872856
1638,h,1,1,1128,39,1574,485,54.6,0.2205364746897369,0.22943363091496718
1641,h,1,1,1128,-60,1574,435,54.7,0.31877104078504626,0.3255323369977787
1698,h,1,1,758,1389,908,1538,56.6,0.2557757312166826,0.2180422890704689
1699,h,1,1,758,1389,908,1538,56.63333333333333,0.25216048398934465,0.22305240412699157
1700,h,1,1,758,1389,908,1538,56.666666666666664,0.25216048398934465,0.22305240412699157
1701,h,1,1,758,1389,908,1538,56.7,0.25216048398934465,0.22305240412699157
1702,h,1,1,758,1389,908,1538,56.733333333333334,0.25216048398934465,0.22305240412699157
1703,h,1,1,758,1389,908,1538,56.766666666666666,0.25216048398934465,0.22305240412699157
1704,h,1,1,751,1368,930,1547,56.8,0.249783268273088,0.23140342546300097
1705,h,1,1,751,1368,930,1547,56.833333333333336,0.23326329481056882,0.23140342546300097
1706,h,1,1,751,1368,930,1547,56.86666666666667,0.20331122226812512,0.18937452099807514
1707,h,1,1,751,1368,930,1547,56.9,0.20331122226812512,0.18937452099807514
1708,h,1,1,751,1368,930,1547,56.93333333333333,0.20250793496156508,0.18118079136743534
1709,h,1,1,751,1368,930,1547,56.96666666666667,0.20966948038964908,0.19796259542951336
1710,h,1,1,751,1368,930,1547,57.0,0.20966948038964908,0.19796259542951336
1711,h,1,1,751,1368,930,1547,57.03333333333333,0.20966948038964908,0.19796259542951336
1712,h,1,1,751,1368,930,1547,57.06666666666667,0.20966948038964908,0.19796259542951336
1713,h,1,1,751,1368,930,1547,57.1,0.17120264258353668,0.12926527595655143
1714,h,1,1,751,1368,930,1547,57.13333333333333,0.21172526114494827,0.19123280939645143
1715,h,1,1,751,1368,930,1547,57.166666666666664,0.21172526114494827,0.19123280939645143
1716,h,1,1,751,1368,930,1547,57.2,0.22127344455839754,0.1800141838546379
1717,h,1,1,751,1368,930,1547,57.233333333333334,0.2522131835419445,0.2079121770104234
1718,h,1,1,751,1368,930,1547,57.266666666666666,0.2522131835419445,0.2079121770104234
1719,h,1,1,751,1368,930,1547,57.3,0.2591719724193925,0.23249527748763857
1720,h,1,1,775,1389,924,1538,57.333333333333336,0.27039753365387637,0.2615267221816814
1721,h,1,1,751,1368,930,1547,57.36666666666667,0.25257296658248257,0.2420122636835507
1722,h,1,1,751,1368,930,1547,57.4,0.25257296658248257,0.2420122636835507
1723,h,1,1,751,1368,930,1547,57.43333333333333,0.25257296658248257,0.2420122636835507
1724,h,1,1,751,1368,930,1547,57.46666666666667,0.25257296658248257,0.2420122636835507
1725,h,1,1,751,1368,930,1547,57.5,0.24088564594250145,0.22342266608921577
1726,h,1,1,751,1368,930,1547,57.53333333333333,0.24088564594250145,0.22342266608921577
1727,h,1,1,751,1368,930,1547,57.56666666666667,0.2125022710112057,0.19796259542951336
1728,h,1,1,751,1368,930,1547,57.6,0.22292342365222906,0.20814946650554525
1729,h,1,1,751,1368,930,1547,57.63333333333333,0.21281398443648591,0.19306751220066048
1730,h,1,1,751,1368,930,1547,57.666666666666664,0.21281398443648591,0.19306751220066048
1731,h,1,1,751,1368,930,1547,57.7,0.2508547030718512,0.2074287979800635
1732,h,1,1,751,1368,930,1547,57.733333333333334,0.23059873260722635,0.19123280939645143
1733,h,1,1,751,1368,930,1547,57.766666666666666,0.23059873260722635,0.19123280939645143
1734,h,1,1,751,1368,930,1547,57.8,0.2300894966542111,0.22459154462439535
1735,h,1,1,751,1368,930,1547,57.833333333333336,0.2300894966542111,0.22459154462439535
1736,h,1,1,751,1368,930,1547,57.86666666666667,0.2300894966542111,0.22459154462439535
1737,h,1,1,751,1368,930,1547,57.9,0.2300894966542111,0.22459154462439535
1738,h,1,1,751,1368,930,1547,57.93333333333333,0.26058880203298523,0.22156355430454994
1739,h,1,1,751,1368,930,1547,57.96666666666667,0.25257296658248257,0.19796259542951336
1740,h,1,1,751,1368,930,1547,58.0,0.2622387811268167,0.22459154462439535
1741,h,1,1,751,1368,930,1547,58.03333333333333,0.2622387811268167,0.22459154462439535
1742,h,1,1,751,1368,930,1547,58.06666666666667,0.24253562503633294,0.19123280939645143
1743,h,1,1,751,1368,930,1547,58.1,0.24253562503633294,0.19123280939645143
1744,h,1,1,751,1368,930,1547,58.13333333333333,0.24253562503633294,0.19123280939645143
1745,h,1,1,751,1368,930,1547,58.166666666666664,0.24253562503633294,0.19123280939645143
1746,h,1,1,751,1368,930,1547,58.2,0.24253562503633294,0.19123280939645143
1747,h,1,1,758,1389,908,1538,58.233333333333334,0.2943724047047319,0.22222222222222224
1748,h,1,1,758,1389,908,1538,58.266666666666666,0.2943724047047319,0.22222222222222224
1749,h,1,1,758,1389,908,1538,58.3,0.2943724047047319,0.22459154462439535
1750,h,1,1,758,1389,908,1538,58.333333333333336,0.2515059928821246,0.21582735883203225
1751,h,1,1,751,1368,930,1547,58.36666666666667,0.23377955503958245,0.2079121770104234
1752,h,1,1,751,1368,930,1547,58.4,0.23377955503958245,0.2079121770104234
1753,h,1,1,758,1389,908,1538,58.43333333333333,0.27207783648890993,0.23249527748763857
1754,h,1,1,751,1368,930,1547,58.46666666666667,0.24146215808563387,0.22342266608921577
1755,h,1,1,751,1368,930,1547,58.5,0.24146215808563387,0.214724057849029
1756,h,1,1,751,1368,930,1547,58.53333333333333,0.24146215808563387,0.214724057849029
1757,h,1,1,751,1368,930,1547,58.56666666666667,0.2327518386700354,0.19796259542951336
1758,h,1,1,751,1368,930,1547,58.6,0.24311608607803833,0.2079121770104234
1759,h,1,1,751,1368,930,1547,58.63333333333333,0.25979224926766525,0.23140342546300097
1760,h,1,1,751,1368,930,1547,58.666666666666664,0.25979224926766525,0.23140342546300097
1761,h,1,1,751,1368,930,1547,58.7,0.24146215808563387,0.23140342546300097
1762,h,2,2,751,1368,930,1547,58.733333333333334,0.24311608607803833,0.23140342546300097
1763,h,2,2,751,1368,930,1547,58.766666666666666,0.24311608607803833,0.23140342546300097
1764,h,2,2,751,1368,930,1547,58.8,0.26286639777507453,0.23140342546300097
1765,h,2,2,751,1368,930,1547,58.833333333333336,0.24146215808563387,0.2079121770104234
1766,h,2,2,751,1368,930,1547,58.86666666666667,0.24311608607803833,0.20571881314403556
1767,h,2,2,751,1368,930,1547,58.9,0.24311608607803833,0.20571881314403556
1768,h,2,2,758,1389,908,1538,58.93333333333333,0.2811964889571059,0.248369794301763
1769,h,2,2,751,1368,930,1547,58.96666666666667,0.22292342365222906,0.20559343646938977
1770,h,2,2,751,1368,930,1547,59.0,0.21281398443648591,0.192581514437282
1771,h,2,2,751,1368,930,1547,59.03333333333333,0.21281398443648591,0.192581514437282
1772,h,2,2,751,1368,930,1547,59.06666666666667,0.21281398443648591,0.192581514437282
1773,h,2,2,751,1368,930,1547,59.1,0.21281398443648591,0.192581514437282
1774,h,2,2,751,1368,930,1547,59.13333333333333,0.24253562503633294,0.192581514437282
1775,h,2,2,751,1368,930,1547,59.166666666666664,0.24253562503633294,0.192581514437282
1776,h,2,2,751,1368,930,1547,59.2,0.28261670947211076,0.23570226039551584
1777,h,2,2,751,1368,930,1547,59.233333333333334,0.23980823009322946,0.23684184600826552
1778,h,2,2,751,1368,930,1547,59.266666666666666,0.23980823009322946,0.23684184600826552
1779,h,2,2,751,1368,930,1547,59.3,0.24088564594250145,0.22896224130886905
1780,h,2,2,751,1368,930,1547,59.333333333333336,0.27380056109794654,0.21355049396992096
1781,h,2,2,751,1368,930,1547,59.36666666666667,0.26082195151322396,0.2405007629230747
1782,h,2,2,751,1368,930,1547,59.4,0.26082195151322396,0.2405007629230747
1783,h,2,2,751,1368,930,1547,59.43333333333333,0.26082195151322396,0.2405007629230747
1784,h,2,2,751,1368,930,1547,59.46666666666667,0.26082195151322396,0.2405007629230747
1785,h,2,2,751,1368,930,1547,59.5,0.28052510760370775,0.23935642178160804
1786,h,2,2,751,1368,930,1547,59.53333333333333,0.28052510760370775,0.23935642178160804
1787,h,2,2,751,1368,930,1547,59.56666666666667,0.28052510760370775,0.22896224130886905
1788,h,2,2,751,1368,930,1547,59.6,0.3047428015963957,0.23249527748763857
1789,h,2,2,751,1368,930,1547,59.63333333333333,0.3150042931882025,0.23249527748763857
1790,h,2,2,751,1368,930,1547,59.666666666666664,0.3150042931882025,0.23249527748763857
1791,h,2,2,751,1368,930,1547,59.7,0.3150042931882025,0.23249527748763857
1792,h,2,2,751,1368,930,1547,59.733333333333334,0.3150042931882025,0.23249527748763857
1793,h,2,2,751,1368,930,1547,59.766666666666666,0.3150042931882025,0.23249527748763857
1794,h,2,2,751,1368,930,1547,59.8,0.3004614131744302,0.2500587197700385
1795,h,1,1,751,1368,930,1547,59.833333333333336,0.2716160730352862,0.23140342546300097
1796,h,1,1,775,1389,924,1538,59.86666666666667,0.279108277990115,0.24155791346315741
1797,h,1,1,775,1389,924,1538,59.9,0.279108277990115,0.24155791346315741
1798,h,2,2,1240,1090,1389,1240,59.93333333333333,0.17391304347826086,0.1751059756189475
1799,h,2,2,1240,1090,1389,1240,59.96666666666667,0.17391304347826086,0.1751059756189475
1800,h,2,2,1240,1090,1389,1240,60.0,0.17391304347826086,0.1751059756189475
1801,h,2,2,1240,1090,1389,1240,60.03333333333333,0.17391304347826086,0.1751059756189475
1802,h,2,2,1240,1090,1389,1240,60.06666666666667,0.14583333333333334,0.1307440900921227
1803,h,1,1,771,1368,950,1547,60.1,0.30170260266865523,0.2838983407210955
1804,h,1,1,775,1389,924,1538,60.13333333333333,0.26058880203298523,0.22222222222222224
1805,h,1,1,775,1389,924,1538,60.166666666666664,0.26058880203298523,0.22222222222222224
1806,h,1,1,775,1389,924,1538,60.2,0.28194193721730043,0.22808577638091168
1807,h,1,1,775,1389,924,1538,60.233333333333334,0.28194193721730043,0.22808577638091168
1808,h,1,1,775,1389,924,1538,60.266666666666666,0.28194193721730043,0.22808577638091168
1809,h,1,1,775,1389,924,1538,60.3,0.28194193721730043,0.22808577638091168
1810,h,2,2,1240,1090,1389,1240,60.333333333333336,0.15373248840481757,0.09992009587217894
1811,h,2,2,775,1389,924,1538,60.36666666666667,0.2711630722733202,0.24088374138837126
1812,h,2,2,775,1389,924,1538,60.4,0.2711630722733202,0.24088374138837126
1813,h,2,2,1206,1057,1356,1206,60.43333333333333,0.2335531056843124,0.22739701341354884
1814,h,2,2,1206,1040,1356,1190,60.46666666666667,0.1917659799899218,0.1794267501365025
1815,h,2,2,1189,1010,1368,1189,60.5,0.32152400656298624,0.3383382834699557
1816,h,2,2,1189,1010,1368,1189,60.53333333333333,0.32152400656298624,0.3383382834699557
1817,h,2,2,1189,990,1368,1169,60.56666666666667,0.3733939969028385,0.403115730632978
1818,h,2,2,1189,990,1368,1169,60.6,0.3733939969028385,0.403115730632978
1819,h,2,2,1189,990,1368,1169,60.63333333333333,0.3733939969028385,0.403115730632978
1820,h,2,2,1189,990,1368,1169,60.666666666666664,0.3733939969028385,0.403115730632978
1821,h,2,2,1206,1007,1356,1157,60.7,0.2031471351671074,0.1860521018838127
1822,h,2,2,1229,970,1408,1149,60.733333333333334,0.13784910335911552,0.15373248840481757
1823,h,2,2,1229,970,1408,1149,60.766666666666666,0.13784910335911552,0.15373248840481757
1824,h,2,2,1229,950,1408,1129,60.8,0.11865252732330223,0.11080752827296766
1825,h,2,2,1249,950,1428,1129,60.833333333333336,0.15508024127900497,0.15518395606757002
1826,h,2,2,1249,950,1428,1129,60.86666666666667,0.14508582304931122,0.1376041832307563
1827,h,2,2,1249,950,1428,1129,60.9,0.14508582304931122,0.1376041832307563
1828,h,2,2,1269,930,1448,1110,60.93333333333333,0.15617376188860607,0.14468682814136288
1829,h,2,2,1289,910,1468,1090,60.96666666666667,0.15301544717564824,0.13325932093055393
1830,h,2,2,1284,878,1499,1093,61.0,0.2141764684390597,0.21676997647604757
1831,h,2,2,1284,878,1499,1093,61.03333333333333,0.2141764684390597,0.21676997647604757
1832,h,2,2,1284,878,1499,1093,61.06666666666667,0.2141764684390597,0.21676997647604757
1833,h,2,2,1284,878,1499,1093,61.1,0.2141764684390597,0.21676997647604757
1834,h,2,1,775,1389,924,1538,61.13333333333333,0.3098577364517393,0.255666077550359
1835,h,2,1,775,1389,924,1538,61.166666666666664,0.3098577364517393,0.255666077550359
1836,h,2,1,775,1389,924,1538,61.2,0.28261670947211076,0.2312862472549933
1837,h,2,2,1284,806,1499,1021,61.233333333333334,0.18147260941764307,0.19930045972975294
1838,h,2,2,1284,806,1499,1021,61.266666666666666,0.18147260941764307,0.19930045972975294
1839,h,2,2,1284,806,1499,1021,61.3,0.17993187301643662,0.19117647058823528
1840,h,2,2,1284,806,1499,1021,61.333333333333336,0.2029969064080055,0.20579336121324915
1841,h,2,2,1284,782,1499,997,61.36666666666667,0.1630425562767065,0.17700000628232732
1842,h,2,2,1284,782,1499,997,61.4,0.1630425562767065,0.17700000628232732
1843,h,2,2,1260,782,1475,997,61.43333333333333,0.20567046237560674,0.19611613513818404
1844,h,2,2,1260,782,1475,997,61.46666666666667,0.20567046237560674,0.19611613513818404
1845,h,2,2,1260,782,1475,997,61.5,0.20567046237560674,0.19611613513818404
1846,h,2,2,1260,782,1475,997,61.53333333333333,0.20567046237560674,0.19611613513818404
1847,h,2,2,1260,758,1475,973,61.56666666666667,0.18904803763964365,0.20129242055711866
1848,h,2,2,1197,652,1455,910,61.6,0.19582295474117362,0.2050608063404064
1849,h,2,2,1197,624,1455,882,61.63333333333333,0.1910009224368201,0.19285244868372334
1850,h,2,2,1197,624,1455,882,61.666666666666664,0.1910009224368201,0.19285244868372334
1851,h,1,1,1197,595,1455,853,61.7,0.17399565712259665,0.20564575285398803
1852,h,1,1,1162,577,1471,886,61.733333333333334,0.17505572506880265,0.17200522903844537
1853,h,1,1,1162,577,1471,886,61.766666666666666,0.17505572506880265,0.17200522903844537
1854,h,1,1,1162,577,1471,886,61.8,0.17505572506880265,0.17200522903844537
1855,h,1,1,1162,577,1471,886,61.833333333333336,0.17505572506880265,0.17200522903844537
1856,h,1,1,1162,542,1471,852,61.86666666666667,0.213392875670288,0.2116742427406457
1857,h,1,1,1162,542,1471,852,61.9,0.213392875670288,0.2116742427406457
1858,h,1,1,1162,474,1471,783,61.93333333333333,0.1805177514407192,0.21366168115809514
1859,h,1,1,1196,474,1506,783,61.96666666666667,0.2088075618281531,0.2074698741143073
1860,h,1,1,1196,439,1506,749,62.0,0.18551555014172613,0.19190489567494604
1861,h,1,1,1196,439,1506,749,62.03333333333333,0.18551555014172613,0.19190489567494604
1862,h,1,1,1188,404,1559,775,62.06666666666667,0.3586711179189961,0.3473481348978583
1938,h,1,1,771,1348,950,1528,64.6,0.3389171947022825,0.2423024188973311
1939,h,1,1,771,1348,950,1528,64.63333333333334,0.40476190476190477,0.3396695814093313
1940,h,1,1,771,1348,950,1528,64.66666666666667,0.40476190476190477,0.3396695814093313
1941,h,1,1,771,1348,950,1528,64.7,0.36,0.2956409967709525
1942,h,1,1,771,1348,950,1528,64.73333333333333,0.37969636431428,0.31842702889899205
1943,h,1,1,771,1348,950,1528,64.76666666666667,0.37969636431428,0.31842702889899205
1944,h,1,1,771,1348,950,1528,64.8,0.37969636431428,0.31842702889899205
1945,h,1,1,771,1348,950,1528,64.83333333333333,0.37969636431428,0.31842702889899205
1946,h,1,1,771,1348,950,1528,64.86666666666666,0.38,0.3389171947022825
1947,h,1,1,771,1348,950,1528,64.9,0.38,0.3389171947022825
1948,h,1,1,775,1372,924,1522,64.93333333333334,0.2896140947044786,0.26702163953223157
1949,h,1,1,751,1368,930,1547,64.96666666666667,0.2321891438234044,0.21405828349114567
1950,h,1,1,751,1348,930,1528,65.0,0.27039753365387637,0.2336235283571669
1951,h,1,1,751,1348,930,1528,65.03333333333333,0.27039753365387637,0.2336235283571669
1952,h,1,1,751,1348,930,1528,65.06666666666666,0.27909384836787915,0.26100458485665606
1953,h,1,1,751,1348,930,1528,65.1,0.34589809891083956,0.3333333333333333
1954,h,1,1,758,1372,908,1522,65.13333333333334,0.31459911433398224,0.2711013266595983
1955,h,1,1,758,1372,908,1522,65.16666666666667,0.31459911433398224,0.2711013266595983
1956,h,1,1,758,1372,908,1522,65.2,0.32668153786023735,0.3035257521729897
1957,h,1,1,731,1368,910,1547,65.23333333333333,0.32,0.29814239699997197
1958,h,1,1,731,1368,910,1547,65.26666666666667,0.3472189449641811,0.29814239699997197
1959,h,1,1,731,1368,910,1547,65.3,0.3472189449641811,0.29814239699997197
1960,h,1,1,742,1372,891,1522,65.33333333333333,0.3359274061791062,0.3062565973955106
1961,h,1,1,742,1372,891,1522,65.36666666666666,0.271763212599322,0.26100458485665606
1962,h,1,1,742,1372,891,1522,65.4,0.271763212599322,0.26100458485665606
1963,h,1,1,742,1372,891,1522,65.43333333333334,0.3056040641755621,0.2703764935712091
1964,h,1,1,742,1372,891,1522,65.46666666666667,0.3435844578037334,0.28831654548335983
1965,h,1,1,742,1372,891,1522,65.5,0.3435844578037334,0.28831654548335983
1966,h,1,1,742,1372,891,1522,65.53333333333333,0.3435844578037334,0.28831654548335983
1967,h,1,1,742,1372,891,1522,65.56666666666666,0.3435844578037334,0.28831654548335983
1968,h,1,1,731,1348,910,1528,65.6,0.3333333333333333,0.2700810512136087
1969,h,1,1,731,1348,910,1528,65.63333333333334,0.3650051122120214,0.29788655323702506
1970,h,1,1,731,1348,910,1528,65.66666666666667,0.3650051122120214,0.29788655323702506
1971,h,1,1,731,1348,910,1528,65.7,0.37072370908057856,0.28443473155747784
1972,h,1,1,731,1348,910,1528,65.73333333333333,0.3474977942104555,0.3090398323477543
1973,h,1,1,731,1348,910,1528,65.76666666666667,0.3474977942104555,0.3090398323477543
1974,h,1,1,731,1348,910,1528,65.8,0.3474977942104555,0.3090398323477543
1975,h,1,1,731,1348,910,1528,65.83333333333333,0.3474977942104555,0.3090398323477543
1976,h,1,1,731,1348,910,1528,65.86666666666666,0.38737860717067446,0.29788655323702506
1977,h,1,1,731,1348,910,1528,65.9,0.38737860717067446,0.29788655323702506
1978,h,1,1,711,1348,891,1528,65.93333333333334,0.3098140197304909,0.2838670235332224
1979,h,1,1,711,1348,891,1528,65.96666666666667,0.31946713798225884,0.28316345653436664
1980,h,1,1,711,1348,891,1528,66.0,0.3496418006375328,0.2529822128134704
1981,h,1,1,711,1348,891,1528,66.03333333333333,0.3496418006375328,0.2529822128134704
1982,h,1,1,731,1348,910,1528,66.06666666666666,0.36608826607349904,0.28041935531770135
1983,h,1,1,731,1348,910,1528,66.1,0.36608826607349904,0.28041935531770135
1984,h,1,1,731,1348,910,1528,66.13333333333334,0.36608826607349904,0.28041935531770135
1985,h,1,1,731,1348,910,1528,66.16666666666667,0.36608826607349904,0.28041935531770135
1986,h,1,1,731,1348,910,1528,66.2,0.34788476207071845,0.27880656852401337
1987,h,1,1,731,1348,910,1528,66.23333333333333,0.32721375960413657,0.2660760420950957
1988,h,1,1,731,1348,910,1528,66.26666666666667,0.30262874684312724,0.2609898925302628
1989,h,1,1,731,1348,910,1528,66.3,0.30262874684312724,0.2609898925302628
1990,h,1,1,731,1348,910,1528,66.33333333333333,0.3625261940057528,0.27669290080989734
1991,h,1,1,731,1348,910,1528,66.36666666666666,0.3625261940057528,0.27669290080989734
1992,h,1,1,731,1348,910,1528,66.4,0.3625261940057528,0.27669290080989734
1993,h,1,1,731,1348,910,1528,66.43333333333334,0.3625261940057528,0.27669290080989734
1994,h,1,1,731,1348,910,1528,66.46666666666667,0.2916757572206104,0.22216278223474573
1995,h,1,1,731,1348,910,1528,66.5,0.3197029007553438,0.22805720164047566
1996,h,1,1,731,1348,910,1528,66.53333333333333,0.3197029007553438,0.22805720164047566
1997,h,1,1,731,1348,910,1528,66.56666666666666,0.3087053138358001,0.2081530227305247
1998,h,1,1,731,1348,910,1528,66.6,0.2800964052936168,0.20364477822503882
1999,h,1,1,731,1348,910,1528,66.63333333333334,0.29942473580817114,0.19590527632988514
2000,h,1,1,731,1348,910,1528,66.66666666666667,0.29942473580817114,0.19590527632988514
2001,h,1,1,731,1348,910,1528,66.7,0.26539634065922857,0.16849267030720405
2002,h,1,1,731,1348,910,1528,66.73333333333333,0.26539634065922857,0.16849267030720405
2003,h,1,1,731,1348,910,1528,66.76666666666667,0.26539634065922857,0.16849267030720405
2004,h,1,1,731,1348,910,1528,66.8,0.26539634065922857,0.16849267030720405
2005,h,2,2,731,1348,910,1528,66.83333333333333,0.31060505677475014,0.2426705938960714
2006,h,2,2,1007,1090,1157,1240,66.86666666666666,0.31943828249996997,0.36661963014178467
2007,h,2,2,1007,1090,1157,1240,66.9,0.31943828249996997,0.36661963014178467
2008,h,2,2,1007,1090,1157,1240,66.93333333333334,0.35772942124464796,0.4302288347415013
2009,h,1,1,1024,1090,1173,1240,66.96666666666667,0.34436330951419125,0.3693584275765589
2010,h,2,2,1024,1090,1173,1240,67.0,0.2935651535998499,0.3409724860011638
2011,h,2,2,1024,1090,1173,1240,67.03333333333333,0.2935651535998499,0.3409724860011638
2012,h,2,2,775,1389,924,1538,67.06666666666666,0.32569438469491674,0.25675259854099
2013,h,2,2,775,1389,924,1538,67.1,0.32569438469491674,0.25675259854099
2014,h,2,2,775,1389,924,1538,67.13333333333334,0.32569438469491674,0.25675259854099
2015,h,2,2,775,1389,924,1538,67.16666666666667,0.32569438469491674,0.25675259854099
2016,h,1,1,1040,1090,1190,1240,67.2,0.384855111054451,0.41522739926869984
2017,h,1,1,1074,1102,1199,1226,67.23333333333333,0.18385785699936855,0.21404317236952233
2018,h,1,1,1088,1102,1212,1226,67.26666666666667,0.21697094110771556,0.21697094110771556
2019,h,1,1,1088,1102,1212,1226,67.3,0.21697094110771556,0.21697094110771556
2020,h,1,1,1102,1102,1226,1226,67.33333333333333,0.19253606842154392,0.21404317236952233
2021,h,1,1,1102,1102,1226,1226,67.36666666666666,0.19253606842154392,0.21404317236952233
2022,h,1,1,1102,1102,1226,1226,67.4,0.19253606842154392,0.21404317236952233
2023,h,1,1,1102,1102,1226,1226,67.43333333333334,0.19253606842154392,0.21404317236952233
2024,h,1,1,1102,1102,1226,1226,67.46666666666667,0.22858056649026884,0.22727272727272727
2025,h,2,2,771,1368,950,1547,67.5,0.31806809832974015,0.22647794833698856
2026,h,2,2,771,1368,950,1547,67.53333333333333,0.31806809832974015,0.22647794833698856
2027,h,2,2,775,1372,924,1522,67.56666666666666,0.34380736630734476,0.24215988823623433
2028,h,2,2,751,1368,930,1547,67.6,0.26539634065922857,0.2117405365199114
2029,h,2,2,751,1368,930,1547,67.63333333333334,0.2774754878398196,0.1979910883516849
2030,h,2,2,751,1368,930,1547,67.66666666666667,0.2774754878398196,0.1979910883516849
2031,h,2,2,751,1348,930,1528,67.7,0.31752794974596293,0.22982892719072068
2032,h,2,2,751,1348,930,1528,67.73333333333333,0.39824540947800063,0.27516512905257473
2033,h,2,2,751,1348,930,1528,67.76666666666667,0.39769496635455753,0.31666592473173016
2034,h,2,2,751,1348,930,1528,67.8,0.39769496635455753,0.31666592473173016
2035,h,2,2,751,1348,930,1528,67.83333333333333,0.39769496635455753,0.31666592473173016
2036,h,2,2,751,1348,930,1528,67.86666666666666,0.39769496635455753,0.31666592473173016
2037,h,2,2,751,1348,930,1528,67.9,0.39769496635455753,0.31666592473173016
2038,h,2,2,751,1348,930,1528,67.93333333333334,0.40111231483078513,0.2990257723368882
2039,h,2,2,751,1348,930,1528,67.96666666666667,0.40430377003131995,0.34968779120190663
2040,h,2,2,751,1348,930,1528,68.0,0.325,0.29061909685954823
2041,h,2,2,751,1348,930,1528,68.03333333333333,0.325,0.29061909685954823
2042,h,2,2,751,1329,930,1508,68.06666666666666,0.425,0.325705761953538
2043,h,2,2,751,1329,930,1508,68.1,0.425,0.325705761953538
2044,h,2,2,751,1329,930,1508,68.13333333333334,0.425,0.325705761953538
2045,h,2,2,751,1329,930,1508,68.16666666666667,0.425,0.325705761953538
2046,h,2,2,751,1329,930,1508,68.2,0.4467500815434912,0.3389240256783137
2047,h,2,2,751,1329,930,1508,68.23333333333333,0.42105263157894735,0.33891719470228254
2048,h,2,2,751,1329,930,1508,68.26666666666667,0.42794107216089916,0.3425316506824227
2049,h,2,2,751,1329,930,1508,68.3,0.42794107216089916,0.3425316506824227
2050,h,2,2,751,1329,930,1508,68.33333333333333,0.3108636467454263,0.25012413699253416
2051,h,2,2,731,1329,910,1508,68.36666666666666,0.30917347120042116,0.2668094360759053
2052,h,2,2,731,1329,910,1508,68.4,0.30917347120042116,0.2668094360759053
2053,h,2,2,731,1329,910,1508,68.43333333333334,0.3040605699341486,0.2688016652852352
2054,h,2,2,731,1329,910,1508,68.46666666666667,0.36921640634860897,0.30088858449511574
2055,h,2,2,731,1329,910,1508,68.5,0.3333333333333333,0.2897366140778824
2056,h,2,2,731,1329,910,1508,68.53333333333333,0.3333333333333333,0.2897366140778824
2057,h,2,2,731,1348,910,1528,68.56666666666666,0.33304435769745067,0.29695970548312184
2058,h,1,1,731,1348,910,1528,68.6,0.3474977942104555,0.29113779059586903
2059,h,1,1,731,1348,910,1528,68.63333333333334,0.34917951626735977,0.2834187195593706
2060,h,1,1,731,1348,910,1528,68.66666666666667,0.34917951626735977,0.2834187195593706
2061,h,1,1,731,1348,910,1528,68.7,0.34917951626735977,0.2834187195593706
2062,h,1,1,731,1348,910,1528,68.73333333333333,0.34917951626735977,0.2834187195593706
2063,h,1,1,731,1348,910,1528,68.76666666666667,0.3040605699341486,0.2855494029733936
2064,h,1,1,731,1348,910,1528,68.8,0.3040605699341486,0.2855494029733936
2065,h,1,1,731,1348,910,1528,68.83333333333333,0.21697094110771556,0.16374944313243622
2066,h,1,1,731,1348,910,1528,68.86666666666666,0.27460823932495954,0.18312868904700064
2067,h,1,1,731,1348,910,1528,68.9,0.27460823932495954,0.18312868904700064
2068,h,1,1,731,1348,910,1528,68.93333333333334,0.2727272727272727,0.19482352111478235
2069,h,1,1,731,1348,910,1528,68.96666666666667,0.2727272727272727,0.19482352111478235
2070,h,1,1,731,1348,910,1528,69.0,0.2727272727272727,0.19482352111478235
2071,h,1,1,731,1348,910,1528,69.03333333333333,0.2727272727272727,0.19482352111478235
2072,h,1,1,731,1348,910,1528,69.06666666666666,0.30917347120042116,0.26289323464498665
2073,h,1,1,731,1368,910,1547,69.1,0.2591719724193925,0.2193324647130223
2074,h,1,1,731,1368,910,1547,69.13333333333334,0.279776268442101,0.23593190807076267
2075,h,1,1,731,1368,910,1547,69.16666666666667,0.279776268442101,0.23593190807076267
2076,h,1,1,711,1368,891,1547,69.2,0.23059873260722635,0.20670068507424366
2077,h,2,2,1284,878,1499,1093,69.23333333333333,0.16366139167425137,0.1664286979230191
2078,h,1,1,711,1368,891,1547,69.26666666666667,0.24981529365782856,0.23915727835550232
2079,h,1,1,711,1368,891,1547,69.3,0.24981529365782856,0.23915727835550232
2080,h,2,2,711,1368,891,1547,69.33333333333333,0.24057579331422171,0.22616902634481742
2081,h,1,1,711,1368,891,1547,69.36666666666666,0.25908162356916187,0.24383643514550063
2082,h,1,1,711,1368,891,1547,69.4,0.25908162356916187,0.24383643514550063
2083,h,1,1,725,1372,875,1522,69.43333333333334,0.2676864788430936,0.23249527748763857
2084,h,2,2,1236,806,1451,1021,69.46666666666667,0.18722535404969293,0.19893544026635265
2085,h,2,2,1236,782,1451,997,69.5,0.2145143987404737,0.20657038823224805
2086,h,2,2,1236,782,1451,997,69.53333333333333,0.2145143987404737,0.20657038823224805
2087,h,2,2,1212,758,1427,973,69.56666666666666,0.17315828754226723,0.19269004479410037
2088,h,2,2,1188,735,1403,950,69.6,0.19475642974848056,0.20761369963434992
2089,h,2,2,1168,710,1426,968,69.63333333333334,0.18505830254940134,0.17717303778387514
2090,h,2,2,1168,710,1426,968,69.66666666666667,0.18505830254940134,0.17717303778387514
2091,h,2,2,1168,681,1426,939,69.7,0.17986693945663332,0.1891201294354047
2092,h,2,2,1168,652,1426,910,69.73333333333333,0.3458735320593389,0.3457620293936559
2093,h,1,1,1140,652,1398,910,69.76666666666667,0.1889305537276711,0.20071550805496513
2094,h,1,1,1140,652,1398,910,69.8,0.1889305537276711,0.20071550805496513
2095,h,1,1,1140,624,1398,882,69.83333333333333,0.1666194456240227,0.17159838794957896
2096,h,1,1,1127,577,1437,886,69.86666666666666,0.360707089883428,0.37862288447452686
2097,h,1,1,1127,577,1437,886,69.9,0.360707089883428,0.37862288447452686
2098,h,1,1,1127,577,1437,886,69.93333333333334,0.3118030878215708,0.31911466006643646
2099,h,1,1,1168,595,1426,853,69.96666666666667,0.2165384674788343,0.2098895888918722
2100,h,1,1,1162,542,1471,852,70.0,0.21207132527373476,0.2
2101,h,1,1,1162,542,1471,852,70.03333333333333,0.21207132527373476,0.2
2102,h,1,1,1197,538,1455,796,70.06666666666666,0.1915947304639194,0.17760245448288153
2103,h,1,1,1197,538,1455,796,70.1,0.1915947304639194,0.17760245448288153
2104,h,1,1,1197,538,1455,796,70.13333333333334,0.1915947304639194,0.17760245448288153
2105,h,1,1,1197,538,1455,796,70.16666666666667,0.1915947304639194,0.17760245448288153
2106,h,1,1,1226,509,1484,767,70.2,0.21261850127429457,0.18977477788417302
2107,h,1,1,1265,405,1574,714,70.23333333333333,0.3211663829892909,0.28634821710217057
2177,h,1,1,691,1388,871,1567,72.56666666666666,0.18022473155742297,0.16211632663979927
2178,h,1,1,691,1388,871,1567,72.6,0.13997035337284772,0.1615520910549743
2179,h,1,1,691,1388,871,1567,72.63333333333334,0.16071428571428573,0.16714649302487852
2180,h,1,1,691,1388,871,1567,72.66666666666667,0.16071428571428573,0.16714649302487852
2181,h,1,1,691,1388,871,1567,72.7,0.16071428571428573,0.16714649302487852
2182,h,1,1,691,1388,871,1567,72.73333333333333,0.16071428571428573,0.16714649302487852
2183,h,1,1,691,1388,871,1567,72.76666666666667,0.10618305626301494,0.11516335992621968
2184,h,1,1,691,1388,871,1567,72.8,0.10618305626301494,0.11516335992621968
2211,h,1,1,691,1368,871,1547,73.7,0.2300894966542111,0.2138585417891184
2212,h,1,1,691,1368,871,1547,73.73333333333333,0.2300894966542111,0.2138585417891184
2213,h,1,1,691,1368,871,1547,73.76666666666667,0.2300894966542111,0.2138585417891184
2214,h,1,1,691,1368,871,1547,73.8,0.2300894966542111,0.2138585417891184
2215,h,1,1,691,1368,871,1547,73.83333333333333,0.2882484157590329,0.23951712355681748
2216,h,1,1,711,1368,891,1547,73.86666666666666,0.28,0.2632129285419582
2217,h,1,1,711,1368,891,1547,73.9,0.28,0.2632129285419582
2218,h,1,1,711,1368,891,1547,73.93333333333334,0.3058927785188147,0.2324919476123734
2219,h,1,1,711,1368,891,1547,73.96666666666667,0.26421832024808,0.22772766323397484
2220,h,1,1,731,1368,910,1547,74.0,0.3181818181818182,0.2549281923196918
2221,h,1,1,731,1368,910,1547,74.03333333333333,0.3181818181818182,0.2549281923196918
2222,h,1,1,731,1368,910,1547,74.06666666666666,0.2970697229969426,0.238875157648325
2223,h,1,1,731,1368,910,1547,74.1,0.2970697229969426,0.238875157648325
2224,h,1,1,731,1368,910,1547,74.13333333333334,0.2970697229969426,0.238875157648325
2225,h,1,1,731,1368,910,1547,74.16666666666667,0.2970697229969426,0.238875157648325
2226,h,1,1,731,1368,910,1547,74.2,0.3181818181818182,0.25039740836207663
2227,h,1,1,731,1368,910,1547,74.23333333333333,0.2626687506586569,0.23032671985243935
2228,h,1,1,731,1368,910,1547,74.26666666666667,0.25172421938121287,0.20651010988750124
2229,h,1,1,731,1368,910,1547,74.3,0.25172421938121287,0.20651010988750124
2230,h,1,1,731,1368,910,1547,74.33333333333333,0.27207783648890993,0.25692055663187474
2231,h,1,1,731,1368,910,1547,74.36666666666666,0.2943724047047319,0.245938854365985
2232,h,1,1,731,1368,910,1547,74.4,0.2943724047047319,0.245938854365985
2233,h,1,1,731,1368,910,1547,74.43333333333334,0.282842712474619,0.2267462937912591
2234,h,1,1,731,1368,910,1547,74.46666666666667,0.321245154965971,0.26702163953223157
2235,h,1,1,731,1368,910,1547,74.5,0.279776268442101,0.24387543932395758
2236,h,1,1,731,1368,910,1547,74.53333333333333,0.279776268442101,0.24387543932395758
2237,h,1,1,731,1368,910,1547,74.56666666666666,0.279776268442101,0.24387543932395758
2238,h,1,1,731,1368,910,1547,74.6,0.279776268442101,0.24387543932395758
2239,h,1,1,731,1368,910,1547,74.63333333333334,0.282842712474619,0.2498924939995331
2240,h,1,1,731,1368,910,1547,74.66666666666667,0.282842712474619,0.2498924939995331
2241,h,2,2,731,1348,910,1528,74.7,0.21297258277280218,0.22459154462439535
2242,h,2,2,731,1348,910,1528,74.73333333333333,0.27232126523821526,0.2267462937912591
2243,h,2,2,731,1348,910,1528,74.76666666666667,0.30142135623730953,0.26897757159498853
2244,h,2,2,731,1348,910,1528,74.8,0.30142135623730953,0.26897757159498853
2245,h,2,2,731,1348,910,1528,74.83333333333333,0.30142135623730953,0.26897757159498853
2246,h,2,2,731,1348,910,1528,74.86666666666666,0.30142135623730953,0.26897757159498853
2247,h,2,2,731,1348,910,1528,74.9,0.30142135623730953,0.26897757159498853
2248,h,2,2,725,1372,875,1522,74.93333333333334,0.2515059928821246,0.20801102901474558
2249,h,2,1,1129,1102,1254,1226,74.96666666666667,0.18292313891073494,0.2532803652007522
2250,h,2,2,691,1348,871,1528,75.0,0.22400479295856274,0.225923932826886
2251,h,2,2,691,1348,871,1528,75.03333333333333,0.22400479295856274,0.225923932826886
2252,h,2,2,691,1348,871,1528,75.06666666666666,0.25,0.2324919476123734
2253,h,2,2,691,1348,871,1528,75.1,0.25,0.2324919476123734
2254,h,2,2,691,1348,871,1528,75.13333333333334,0.25,0.2324919476123734
2255,h,2,2,691,1348,871,1528,75.16666666666667,0.25,0.2324919476123734
2256,h,2,1,1123,1090,1273,1240,75.2,0.3451172823236537,0.40476190476190477
2257,h,2,1,1157,1102,1282,1226,75.23333333333333,0.18385785699936855,0.21347047650771073
2258,h,2,1,1157,1102,1282,1226,75.26666666666667,0.18163064367459994,0.1771938751820891
2259,h,2,1,1157,1102,1282,1226,75.3,0.18163064367459994,0.1771938751820891
2261,h,2,1,1171,1116,1295,1240,75.36666666666666,0.18163064367459994,0.15789473684210525
2262,h,2,1,1171,1116,1295,1240,75.4,0.18163064367459994,0.15789473684210525
2263,h,2,1,1171,1116,1295,1240,75.43333333333334,0.17374889710522776,0.21052631578947367
2264,h,2,1,1171,1116,1295,1240,75.46666666666667,0.17374889710522776,0.18421052631578946
2265,h,2,1,1185,1116,1309,1240,75.5,0.17658925273081874,0.2
2266,h,2,1,1185,1116,1309,1240,75.53333333333333,0.17658925273081874,0.2
2267,h,2,1,1185,1116,1309,1240,75.56666666666666,0.17391304347826086,0.1498128508316767
2268,h,2,1,1199,1116,1323,1240,75.6,0.18442561292721246,0.14990633779917228
2269,h,2,1,1199,1116,1323,1240,75.63333333333334,0.16277903773109956,0.165915912098992
2270,h,2,1,1199,1116,1323,1240,75.66666666666667,0.16277903773109956,0.165915912098992
2271,h,2,1,1212,1116,1337,1240,75.7,0.14373989364401726,0.14221363894199315
2272,h,2,1,1212,1116,1337,1240,75.73333333333333,0.18442561292721246,0.19545395158709694
2273,h,2,1,1226,1116,1351,1240,75.76666666666667,0.15470396830188898,0.16040427145518268
2274,h,2,1,1226,1116,1351,1240,75.8,0.15470396830188898,0.16040427145518268
2275,h,2,1,1226,1116,1351,1240,75.83333333333333,0.15470396830188898,0.16040427145518268
2276,h,2,1,1226,1116,1351,1240,75.86666666666666,0.15470396830188898,0.16040427145518268
2277,h,2,1,1226,1116,1351,1240,75.9,0.15470396830188898,0.16040427145518268
2278,h,2,1,1226,1102,1351,1226,75.93333333333334,0.17592538100958696,0.16883379526454503
2279,h,2,1,1240,1074,1389,1223,75.96666666666667,0.16652217884872533,0.17374889710522776
2280,h,2,1,1240,1074,1389,1223,76.0,0.2122749598489095,0.16609095970747995
2281,h,2,1,1240,1074,1389,1223,76.03333333333333,0.2122749598489095,0.16609095970747995
2282,h,2,1,1254,1088,1378,1212,76.06666666666666,0.1717960677340692,0.16652217884872533
2283,h,2,1,1254,1088,1378,1212,76.1,0.1717960677340692,0.16652217884872533
2284,h,2,1,1254,1088,1378,1212,76.13333333333334,0.1717960677340692,0.16652217884872533
2285,h,2,1,1254,1088,1378,1212,76.16666666666667,0.1717960677340692,0.16652217884872533
2286,h,2,1,1256,1074,1405,1223,76.2,0.12,0.1303116728289208
2287,h,2,2,691,1329,871,1508,76.23333333333333,0.25,0.28620128230270864
2288,h,2,2,691,1329,871,1508,76.26666666666667,0.26,0.2635682118112598
2289,h,2,2,691,1329,871,1508,76.3,0.26,0.2635682118112598
2290,h,2,2,691,1329,871,1508,76.33333333333333,0.23395240501146997,0.23858557568108957
2291,h,2,1,1256,1057,1405,1206,76.36666666666666,0.14234827940387476,0.13043478260869565
2292,h,2,1,1256,1057,1405,1206,76.4,0.14234827940387476,0.13043478260869565
2293,h,2,1,1240,1057,1389,1206,76.43333333333334,0.1818349804282036,0.16666666666666666
2294,h,2,1,1240,1040,1389,1190,76.46666666666667,0.19984019174435788,0.22633936510629632
2295,h,2,1,1240,1040,1389,1190,76.5,0.19984019174435788,0.22633936510629632
2296,h,2,1,1240,1040,1389,1190,76.53333333333333,0.19984019174435788,0.22633936510629632
2297,h,2,1,1240,1040,1389,1190,76.56666666666666,0.19984019174435788,0.22633936510629632
2298,h,2,2,711,1348,891,1528,76.6,0.2321891438234044,0.2579839925898743
2299,h,2,2,711,1348,891,1528,76.63333333333334,0.2882484157590329,0.2855494029733936
2300,h,2,2,711,1348,891,1528,76.66666666666667,0.2882484157590329,0.2855494029733936
2301,h,2,2,1209,970,1388,1149,76.7,0.18650789838028078,0.17294904945541978
2302,h,2,2,742,1356,891,1505,76.73333333333333,0.2777777777777778,0.2806776627709651
2303,h,2,2,1229,950,1408,1129,76.76666666666667,0.20832349190169341,0.19531072666281962
2304,h,2,2,1229,950,1408,1129,76.8,0.20832349190169341,0.19531072666281962
2305,h,2,2,731,1329,910,1508,76.83333333333333,0.30888957208266443,0.27303128195887144
2306,h,2,2,1229,930,1408,1110,76.86666666666666,0.2,0.1793133490710729
2307,h,2,2,1229,930,1408,1110,76.9,0.2,0.1793133490710729
2308,h,2,2,1249,930,1428,1110,76.93333333333334,0.20137937550497031,0.16583953170166485
2309,h,2,2,711,1348,891,1528,76.96666666666667,0.18872317917035092,0.18312868904700064
2310,h,2,2,711,1348,891,1528,77.0,0.1773485603694316,0.190059571646456
2311,h,2,2,711,1348,891,1528,77.03333333333333,0.1773485603694316,0.190059571646456
2312,h,2,2,711,1348,891,1528,77.06666666666666,0.18033963417129972,0.16374944313243622
2313,h,2,2,711,1348,891,1528,77.1,0.18033963417129972,0.16374944313243622
2314,h,2,2,711,1348,891,1528,77.13333333333334,0.18033963417129972,0.16374944313243622
2315,h,2,2,711,1348,891,1528,77.16666666666667,0.18033963417129972,0.16374944313243622
2316,h,2,1,1260,854,1475,1069,77.2,0.13509461958583818,0.13797570646864152
2317,h,2,2,1260,806,1475,1021,77.23333333333333,0.20657038823224805,0.23391857308192698
2318,h,2,1,1260,782,1475,997,77.26666666666667,0.20833333333333334,0.2069274678215511
2319,h,2,1,1260,782,1475,997,77.3,0.20833333333333334,0.2069274678215511
2320,h,2,1,1260,782,1475,997,77.33333333333333,0.22847819119101592,0.19991841729213894
2321,h,2,1,1260,782,1475,997,77.36666666666666,0.22847819119101592,0.19991841729213894
2322,h,2,1,1260,782,1475,997,77.4,0.22847819119101592,0.19991841729213894
2323,h,2,1,1260,782,1475,997,77.43333333333334,0.22847819119101592,0.19991841729213894
2324,h,2,1,1260,758,1475,973,77.46666666666667,0.20923967665799637,0.22847819119101592
2325,h,2,1,1236,735,1451,950,77.5,0.2026287101093622,0.2150873378490073
2326,h,2,1,1236,735,1451,950,77.53333333333333,0.2026287101093622,0.2150873378490073
2327,h,2,1,1236,711,1451,926,77.56666666666666,0.223606797749979,0.2376533705120113
2328,h,2,1,1197,652,1455,910,77.6,0.18016156199554573,0.19802943452642316
2331,h,2,1,1168,595,1426,853,77.7,0.17583340829116115,0.1803983052803266
2335,h,1,1,1140,538,1398,796,77.83333333333333,0.19855970149435787,0.1843335668669015
2336,h,1,1,1140,538,1398,796,77.86666666666666,0.19855970149435787,0.1843335668669015
2337,h,1,1,1140,538,1398,796,77.9,0.19855970149435787,0.1843335668669015
2338,h,1,1,1140,538,1398,796,77.93333333333334,0.19855970149435787,0.1843335668669015
2339,h,1,1,1140,509,1398,767,77.96666666666667,0.2053275018925108,0.1801075939487416
2429,h,1,1,691,1368,871,1547,80.96666666666667,0.15517241379310345,0.17302292813793968
2430,h,1,1,691,1368,871,1547,81.0,0.15517241379310345,0.17302292813793968
2431,h,1,1,691,1368,871,1547,81.03333333333333,0.15517241379310345,0.17302292813793968
2432,h,1,1,691,1368,871,1547,81.06666666666666,0.15517241379310345,0.17302292813793968
2433,h,1,1,691,1368,871,1547,81.1,0.18954251711878384,0.1843554395849907
2434,h,1,1,691,1368,871,1547,81.13333333333334,0.18022473155742297,0.19832887310273992
2435,h,1,1,691,1368,871,1547,81.16666666666667,0.18022473155742297,0.19832887310273992
2436,h,1,1,691,1368,871,1547,81.2,0.2037037037037037,0.22805720164047566
2437,h,1,1,691,1368,871,1547,81.23333333333333,0.20689655172413793,0.25581235194252044
2438,h,1,1,691,1368,871,1547,81.26666666666667,0.19642857142857142,0.2192927878405448
2439,h,1,1,691,1368,871,1547,81.3,0.19642857142857142,0.2192927878405448
2440,h,1,1,691,1348,871,1528,81.33333333333333,0.22360155239644974,0.23858557568108957
2462,h,1,1,691,1368,871,1547,82.06666666666666,0.2141491830744749,0.18805811245074375
2463,h,1,1,691,1368,871,1547,82.1,0.21428571428571427,0.2116829123483895
2464,h,1,1,691,1368,871,1547,82.13333333333334,0.18033963417129972,0.2116829123483895
2465,h,1,1,691,1368,871,1547,82.16666666666667,0.18033963417129972,0.2116829123483895
2466,h,1,1,691,1368,871,1547,82.2,0.19642857142857142,0.18306179890070834
2467,h,1,1,691,1368,871,1547,82.23333333333333,0.19642857142857142,0.18306179890070834
2468,h,1,1,691,1368,871,1547,82.26666666666667,0.19642857142857142,0.18306179890070834
2469,h,1,1,691,1368,871,1547,82.3,0.19642857142857142,0.18306179890070834
2470,h,1,1,691,1368,871,1547,82.33333333333333,0.18518518518518517,0.1947010445067672
2471,h,1,1,691,1368,871,1547,82.36666666666666,0.22375486167218922,0.2116829123483895
2472,h,1,1,691,1368,871,1547,82.4,0.2141491830744749,0.2099069029959598
2473,h,1,1,691,1368,871,1547,82.43333333333334,0.2141491830744749,0.2099069029959598
2474,h,1,1,691,1368,871,1547,82.46666666666667,0.24074074074074073,0.24387543932395758
2475,h,1,1,691,1368,871,1547,82.5,0.25925925925925924,0.26100458485665606
2476,h,1,1,691,1368,871,1547,82.53333333333333,0.25925925925925924,0.26100458485665606
2481,h,1,1,711,1368,891,1547,82.7,0.25,0.21913285395639157
2482,h,1,1,711,1368,891,1547,82.73333333333333,0.24057579331422171,0.21913285395639157
2483,h,1,1,711,1368,891,1547,82.76666666666667,0.25,0.23568685571604145
2484,h,1,1,711,1368,891,1547,82.8,0.25,0.23568685571604145
2485,h,1,1,725,1372,875,1522,82.83333333333333,0.25925925925925924,0.2267462937912591
2486,h,1,1,725,1372,875,1522,82.86666666666666,0.24981529365782856,0.22429376180331925
2487,h,1,1,742,1372,891,1522,82.9,0.22360155239644974,0.18306179890070834
2488,h,1,1,742,1372,891,1522,82.93333333333334,0.22360155239644974,0.18306179890070834
2489,h,2,2,742,1372,891,1522,82.96666666666667,0.22375486167218922,0.19946426875018303
2490,h,2,2,742,1372,891,1522,83.0,0.22375486167218922,0.19946426875018303
2491,h,2,2,742,1372,891,1522,83.03333333333333,0.22375486167218922,0.19946426875018303
2492,h,2,2,742,1372,891,1522,83.06666666666666,0.22375486167218922,0.19946426875018303
2493,h,2,2,742,1372,891,1522,83.1,0.24227338019070774,0.2286647801900118
2494,h,2,2,742,1372,891,1522,83.13333333333334,0.26057532984936066,0.2208630521496931
2495,h,2,2,742,1372,891,1522,83.16666666666667,0.26057532984936066,0.2208630521496931
2496,h,2,2,1123,1090,1273,1240,83.2,0.3317636419108636,0.3937123973103225
2497,h,2,2,1123,1090,1273,1240,83.23333333333333,0.3358525987266785,0.3955015155275117
2498,h,2,2,711,1368,891,1547,83.26666666666667,0.24227338019070774,0.22429376180331925
2499,h,2,2,711,1368,891,1547,83.3,0.24227338019070774,0.22429376180331925
2500,h,2,2,711,1368,891,1547,83.33333333333333,0.2882484157590329,0.2651259647569979
2501,h,2,2,711,1368,891,1547,83.36666666666666,0.27909384836787915,0.2613195330346501
2502,h,2,2,711,1368,891,1547,83.4,0.27909384836787915,0.2613195330346501
2503,h,2,2,711,1368,891,1547,83.43333333333334,0.27909384836787915,0.2613195330346501
2504,h,2,2,711,1368,891,1547,83.46666666666667,0.27909384836787915,0.2613195330346501
2505,h,2,2,711,1368,891,1547,83.5,0.28846153846153844,0.2710182504671206
2506,h,2,2,711,1368,891,1547,83.53333333333333,0.28846153846153844,0.2710182504671206
2507,h,2,2,711,1348,891,1528,83.56666666666666,0.27039753365387637,0.2613195330346501
2508,h,2,2,711,1348,891,1528,83.6,0.2690318547084308,0.2710182504671206
2509,h,2,2,711,1348,891,1528,83.63333333333334,0.28846153846153844,0.29321052803612446
2510,h,2,2,711,1348,891,1528,83.66666666666667,0.28846153846153844,0.29321052803612446
2511,h,2,2,711,1348,891,1528,83.7,0.28846153846153844,0.29321052803612446
2512,h,2,2,711,1348,891,1528,83.73333333333333,0.28846153846153844,0.29321052803612446
2513,h,2,2,711,1348,891,1528,83.76666666666667,0.23377955503958245,0.24840665766335387
2514,h,2,2,711,1348,891,1528,83.8,0.23377955503958245,0.24840665766335387
2515,h,2,2,711,1348,891,1528,83.83333333333333,0.25925925925925924,0.2613195330346501
2516,h,2,2,711,1348,891,1528,83.86666666666666,0.27039753365387637,0.2613195330346501
2517,h,2,2,711,1348,891,1528,83.9,0.2690318547084308,0.2689165615354925
2518,h,2,2,711,1348,891,1528,83.93333333333334,0.2690318547084308,0.2689165615354925
2519,h,2,2,711,1348,891,1528,83.96666666666667,0.2690318547084308,0.2689165615354925
2520,h,2,2,711,1348,891,1528,84.0,0.2690318547084308,0.2689165615354925
2521,h,2,2,711,1348,891,1528,84.03333333333333,0.2690318547084308,0.2689165615354925
2522,h,2,2,711,1348,891,1528,84.06666666666666,0.2690318547084308,0.2727749589955259
2523,h,2,2,711,1348,891,1528,84.1,0.2690318547084308,0.2613195330346501
2524,h,1,1,711,1348,891,1528,84.13333333333334,0.30797973336968465,0.29695970548312184
2525,h,1,1,711,1348,891,1528,84.16666666666667,0.30797973336968465,0.29695970548312184
2526,h,1,1,711,1348,891,1528,84.2,0.3086613566306872,0.2613195330346501
2527,h,1,1,711,1348,891,1528,84.23333333333333,0.320222078625785,0.2632129285419582
2528,h,1,1,711,1348,891,1528,84.26666666666667,0.30797973336968465,0.27357327017376276
2529,h,1,1,711,1348,891,1528,84.3,0.30797973336968465,0.27357327017376276
2530,h,1,1,711,1348,891,1528,84.33333333333333,0.30746497680963514,0.2806776627709651
2531,h,1,1,711,1348,891,1528,84.36666666666666,0.30746497680963514,0.2806776627709651
2532,h,1,1,711,1348,891,1528,84.4,0.30746497680963514,0.2806776627709651
2533,h,1,1,711,1348,891,1528,84.43333333333334,0.30746497680963514,0.2806776627709651
2534,h,1,1,711,1348,891,1528,84.46666666666667,0.2954867420612471,0.2711013266595983
2535,h,1,1,711,1348,891,1528,84.5,0.2220699630592816,0.24921818387997519
2536,h,1,1,711,1348,891,1528,84.53333333333333,0.2220699630592816,0.24921818387997519
2537,h,1,1,711,1348,891,1528,84.56666666666666,0.23059873260722635,0.225923932826886
2538,h,1,1,711,1348,891,1528,84.6,0.26,0.225923932826886
2539,h,1,1,711,1348,891,1528,84.63333333333334,0.2882484157590329,0.2632129285419582
2540,h,1,1,711,1348,891,1528,84.66666666666667,0.2882484157590329,0.2632129285419582
2541,h,1,1,711,1348,891,1528,84.7,0.2690318547084308,0.2594339624122075
2542,h,1,1,711,1348,891,1528,84.73333333333333,0.30746497680963514,0.2575131013123024
2543,h,1,1,711,1348,891,1528,84.76666666666667,0.28846153846153844,0.2590638800754199
2544,h,1,1,711,1348,891,1528,84.8,0.28846153846153844,0.2590638800754199
2545,h,1,1,711,1348,891,1528,84.83333333333333,0.277587453824102,0.27556160553482706
2546,h,1,1,711,1348,891,1528,84.86666666666666,0.2972454154011098,0.2827176329829449
2547,h,1,1,711,1348,891,1528,84.9,0.2972454154011098,0.2827176329829449
2548,h,1,1,711,1348,891,1528,84.93333333333334,0.2972454154011098,0.2827176329829449
2549,h,1,1,711,1348,891,1528,84.96666666666667,0.2972454154011098,0.2827176329829449
2550,h,1,1,711,1348,891,1528,85.0,0.2960932840790421,0.29321052803612446
2551,h,1,1,711,1348,891,1528,85.03333333333333,0.2960932840790421,0.29321052803612446
2552,h,1,1,711,1348,891,1528,85.06666666666666,0.3086613566306872,0.27556160553482706
2553,h,1,1,711,1348,891,1528,85.1,0.277587453824102,0.3003093012088919
2554,h,1,1,711,1348,891,1528,85.13333333333334,0.31459911433398224,0.3017533556470644
2555,h,1,1,711,1348,891,1528,85.16666666666667,0.31459911433398224,0.3017533556470644
2556,h,1,1,711,1348,891,1528,85.2,0.23076923076923078,0.18805811245074375
2557,h,1,1,711,1348,891,1528,85.23333333333333,0.23076923076923078,0.18805811245074375
2558,h,1,1,711,1348,891,1528,85.26666666666667,0.23076923076923078,0.18805811245074375
2559,h,1,1,711,1348,891,1528,85.3,0.23076923076923078,0.18805811245074375
2560,h,1,1,711,1348,891,1528,85.33333333333333,0.18518518518518517,0.1718861215033766
2561,h,2,1,711,1348,891,1528,85.36666666666666,0.23395240501146997,0.21322142749531167
2562,h,2,1,711,1348,891,1528,85.4,0.26039679243213437,0.24156783597929243
2563,h,2,1,711,1348,891,1528,85.43333333333334,0.26039679243213437,0.24156783597929243
2564,h,2,1,711,1348,891,1528,85.46666666666667,0.2514057048740066,0.23206541636570213
2565,h,2,1,711,1348,891,1528,85.5,0.24205681133084214,0.2286647801900118
2566,h,2,1,711,1348,891,1528,85.53333333333333,0.24205681133084214,0.2286647801900118
2567,h,2,1,711,1348,891,1528,85.56666666666666,0.24205681133084214,0.2286647801900118
2568,h,2,1,711,1348,891,1528,85.6,0.24205681133084214,0.2286647801900118
2569,h,2,2,1284,758,1499,973,85.63333333333334,0.2499134798382118,0.2637228519367184
2570,h,2,2,1284,758,1499,973,85.66666666666667,0.2499134798382118,0.2637228519367184
2571,h,2,2,1260,687,1475,902,85.7,0.2637228519367184,0.24414892847196876
2572,h,2,2,1226,652,1484,910,85.73333333333333,0.25,0.2439792059006791
2573,h,1,1,1236,639,1451,854,85.76666666666667,0.2499219116020307,0.23874116453045505
2574,h,1,1,1236,639,1451,854,85.8,0.2499219116020307,0.23874116453045505
2575,h,2,2,1197,595,1455,853,85.83333333333333,0.2079306635676764,0.1950639396376683
2576,h,2,2,1197,595,1455,853,85.86666666666666,0.2079306635676764,0.1950639396376683
2577,h,2,2,1197,595,1455,853,85.9,0.2079306635676764,0.1950639396376683
2578,h,2,2,1197,595,1455,853,85.93333333333334,0.2079306635676764,0.1950639396376683
2579,h,1,1,1197,566,1455,824,85.96666666666667,0.21036293259670388,0.19042222357031166
2582,h,1,1,1168,480,1426,738,86.06666666666666,0.19158669331767558,0.18870260788806165
2584,h,1,1,1162,439,1471,749,86.13333333333334,0.1871819919326501,0.17966820054293545
2585,h,1,1,1162,439,1471,749,86.16666666666667,0.1871819919326501,0.17966820054293545
2588,h,1,1,1188,321,1559,692,86.26666666666667,0.3638535672361902,0.3358878855188587
2589,h,1,1,1188,321,1559,692,86.3,0.3638535672361902,0.3358878855188587
